GENE_SYMBOL	NAME	COSMIC_GENE_ID	CHROMOSOME	GENOME_START	GENOME_STOP	CHR_BAND	SOMATIC	GERMLINE	TUMOUR_TYPES_SOMATIC	TUMOUR_TYPES_GERMLINE	CANCER_SYNDROME	TISSUE_TYPE	MOLECULAR_GENETICS	ROLE_IN_CANCER	MUTATION_TYPES	TRANSLOCATION_PARTNER	OTHER_GERMLINE_MUT	OTHER_SYNDROME	TIER	SYNONYMS
A1CF	APOBEC1 complementation factor	COSG46891	10	52559169	52645435	10q11.23	y	n	melanoma			E		oncogene	Mis		n		2	A1CF,ENSG00000148584.10,Q9NQ94,29974,ACF,ACF64,ACF65,APOBEC1CF,ASP
ABI1	abl interactor 1	COSG5120	10	27035522	27150016	10p12.1	y	n	AML			L	Dom	TSG, fusion	T	KMT2A	n		1	ABI1,ENSG00000136754.12,Q8IZP0,10006,ABI-1,E3B1
ABL1	ABL proto-oncogene 1, non-receptor tyrosine kinase	COSG4968	9	133589333	133763062	9q34.12	y	n	CML, ALL, T-ALL			L	Dom	oncogene, fusion	T, Mis	BCR, ETV6, NUP214	n		1	ABL1,ENSG00000097007.13,P00519,25,JTK7,c-ABL,p150
ABL2	ABL proto-oncogene 2, non-receptor tyrosine kinase	COSG36573	1	179068462	179198819	1q25.2	y	n	AML			L	Dom	oncogene, fusion	T	ETV6	n		1	ABL2,ENSG00000143322.15,P42684,27,ARG
ACKR3	atypical chemokine receptor 3	COSG38910	2	237476430	237491001	2q37.3	y	n	lipoma			M	Dom	oncogene, fusion	T	HMGA2	n		1	ACKR3,ENSG00000144476.5,P25106,57007,GPR159,RDC1
ACSL3	acyl-CoA synthetase long chain family member 3	COSG4424	2	223725652	223809357	2q36.1	y	n	prostate			E	Dom	fusion	T	ETV1	n		1	ACSL3,ENSG00000123983.9,O95573,2181,ACS3,PRO2194
ACSL6	acyl-CoA synthetase long chain family member 6	COSG31944	5	131142683	131347936	5q31.1	y	n	AML, AEL			L	Dom	fusion	T	ETV6	n		2	ACSL6,ENSG00000164398.8,Q9UKU0,23305,ACS2,KIAA0837,LACS2,LACS5
ACTB	actin beta	COSG1705	7	5566782	5603415	7p22.1	y	n	adnexal carcinoma, DLBCL, GLI1-altered mesenchymal tumour, Hodgkin lymphoma, pericytoma, pseudomyogenic haemangioendothelioma, salivary gland adenoid cystic carcinoma, RCC, urothelial bladder carcinoma			E, L, M, O		fusion	T, F, N, Mis, O	FOSB, GLI1, TFEB, ZMIZ2	n		2	ACTB,ENSG00000075624.9,P60709,60
ACVR1	activin A receptor type 1	COSG33541	2	158592958	158732374	2q24.1	y	n	DIPG			O	Dom	oncogene	Mis		y	Fibrodysplasia ossificans progressiva	1	ACVR1,ENSG00000115170.9,Q04771,90,ACVR1A,ALK2,SKR1
ACVR1B	activin A receptor type 1B	COSG33915	12	52345451	52390862	12q13.13	y	n	pancreatic cancer			E		TSG	D, F, Mis, N		n		1	ACVR1B,ENSG00000135503.8,P36896,91,ALK4,ActRIB,SKR2
ACVR2A	activin A receptor type 2A	COSG32772	2	148602086	148688393	2q22.3	y	n	large intestine carcinoma, stomach carcinoma, pancreatic carcinoma, biliary tract, oesophagus			E	Rec	TSG	Mis, N, F		n		1	ACVR2A,ENSG00000121989.10,P27037,92,ACTRII
AFDN	afadin, adherens junction formation factor	COSG1274	6	168227602	168372703	6q27	y	n	AL			L	Dom	oncogene, fusion	T	KMT2A	n		1	AFDN,ENSG00000130396.16,P55196,4301,AF-6,AF6
AFF1	AF4/FMR2 family member 1	COSG36213	4	87856154	88062206	4q22.1	y	n	AL			L	Dom	fusion	T	KMT2A	n		1	AFF1,ENSG00000172493.16,P51825,4299,AF-4,AF4
AFF3	AF4/FMR2 family member 3	COSG24092	2	100162323	100759201	2q11.2	y	n	ALL, T-ALL			L	Dom	oncogene, fusion	T	KMT2A, RUNX1	n		1	AFF3,ENSG00000144218.14,P51826,3899,MLLT2-like
AFF4	AF4/FMR2 family member 4	COSG27456	5	132211071	132299326	5q31.1	y	n	ALL			L	Dom	oncogene, fusion	T	KMT2A	n		1	AFF4,ENSG00000072364.8,Q9UHB7,27125,AF5Q31,MCEF
AKAP9	A-kinase anchoring protein 9	COSG35931	7	91570181	91739987	7q21.2	y	n	papillary thyroid			E	Dom	fusion	T	BRAF	n		2	AKAP9,ENSG00000127914.12,Q99996,10142,AKAP350,AKAP450,CG-NAP,HYPERION,KIAA0803,LQT11,MU-RMS-40.16A,PPP1R45,PRKA9,YOTIAO
AKT1	AKT serine/threonine kinase 1	COSG9368	14	105235686	105262088	14q32.33	y	n	breast, colorectal, ovarian, NSCLC			E	Dom	oncogene	Mis		n		1	AKT1,ENSG00000142208.11,P31749,207,AKT,PKB,PRKBA,RAC
AKT2	AKT serine/threonine kinase 2	COSG50223	19	40736224	40791443	19q13.2	y	n	ovarian, pancreatic			E	Dom	oncogene	A		n		1	AKT2,ENSG00000105221.12,P31751,208
AKT3	AKT serine/threonine kinase 3	COSG18569	1	243651535	244014381	1q44	y	n	GBM			O		oncogene	A		n		2	AKT3,ENSG00000117020.12,Q9Y243,10000,PKBG,PRKBG,RAC-gamma
ALDH2	aldehyde dehydrogenase 2 family member	COSG55681	12	112204691	112247782	12q24.12	y	n	leiomyoma			M	Dom	fusion	T	HMGA2	n		2	ALDH2,ENSG00000111275.8,P05091,217
ALK	ALK receptor tyrosine kinase	COSG18163	2	29415640	30144432	2p23.2	y	y	ALCL, NSCLC, neuroblastoma, inflammatory myofibroblastic tumour, Spitzoid tumour	neuroblastoma	familial neuroblastoma	L, E, M	Dom	oncogene, fusion	T, Mis, A	NPM1, TPM3, TFG, TPM4, ATIC, CLTC, MSN, RNF213, CARS, EML4, KIF5B, C2orf22, DCTN1, HIP1, TPR, RANBP2, PPFIBP1, SEC31A, STRN, VCL, C2orf44, KLC1	n		1	ALK,ENSG00000171094.11,Q9UM73,238,CD246
AMER1	APC membrane recruitment protein 1	COSG48847	X	63404997	63425624	Xq11.2	y	n	Wilms tumour			O	Rec	TSG	F, D, N, Mis		n		1	AMER1,ENSG00000184675.5,Q5JTC6,139285,FLJ39827,RP11-403E24.2,WTX
ANK1	ankyrin 1	COSG56151	8	41510739	41754280	8p11.21	y	n	CCRCC			E			Mis		n		2	ANK1,ENSG00000029534.15,P16157,286,SPH1
APC	APC, WNT signaling pathway regulator	COSG39888	5	112043195	112181936	5q22.2	y	y	colorectal, pancreatic, desmoid, hepatoblastoma, glioma, other CNS	colorectal, pancreatic, desmoid, hepatoblastoma, glioma, other CNS	adenomatous polyposis coli; Turcot syndrome	E, M, O	Rec	TSG	D, Mis, N, F, S		n		1	APC,ENSG00000134982.12,P25054,324,DP2,DP2.5,DP3,PPP1R46
AR	androgen receptor	COSG27490	X	66764465	66950461	Xq12	y	y	prostate			E	Dom	oncogene	Mis		y	Androgen insensitivity, Hypospadias 1, X-linked, Spinal and bulbar muscular atrophy of Kennedy 	1	AR,ENSG00000169083.11,367,AIS,HUMARA,NR3C4,SMAX1
ARAF	A-Raf proto-oncogene, serine/threonine kinase	COSG5285	X	47420516	47431307	Xp11.23	y	n	cholangiocarcinoma, lung adenocarcinoma, Langerhans cell histiocytosis			E, L		oncogene	Mis		n		2	ARAF,ENSG00000078061.8,P10398,369
ARHGAP26	Rho GTPase activating protein 26	COSG19129	5	142149949	142608576	5q31.3	y	n	AML, MDS			L	Dom	TSG, fusion	T, F, S	KMT2A	n		1	ARHGAP26,ENSG00000145819.11,Q9UNA1,23092,GRAF,KIAA0621,OPHN1L,OPHN1L1
ARHGAP35	Rho GTPase activating protein 35	COSG22743	19	47421933	47508334	19q13.32	y	n	endometrial carcinoma			E		TSG	N, Mis, F, O		n		1	ARHGAP35,ENSG00000160007.13,Q9NRY4,2909,GRF-1,KIAA1722,P190A,p190ARhoGAP,p190RhoGAP
ARHGAP5	Rho GTPase activating protein 5	COSG44952	14	32545320	32628934	14q12	y	n	colon cancer, glioma			E, O		oncogene	Mis		n		2	ARHGAP5,ENSG00000100852.8,Q13017,394,RhoGAP5,p190-B,p190BRhoGAP
ARHGEF10	Rho guanine nucleotide exchange factor 10	COSG21039	8	1772142	1906807	8p23.3	y	n	colon cancer			E		TSG	D		n		2	ARHGEF10,ENSG00000104728.11,O15013,9639,Gef10,KIAA0294
ARHGEF10L	Rho guanine nucleotide exchange factor 10 like	COSG38577	1	17866330	18024369	1p36.13	y	n	lymphoma			L		TSG	D		n		2	ARHGEF10L,ENSG00000074964.12,Q9HCE6,55160,FLJ10521,KIAA1626
ARHGEF12	Rho guanine nucleotide exchange factor 12	COSG26522	11	120207787	120360645	11q23.3	y	n	AML			L	Dom	TSG, fusion	T	KMT2A	n		1	ARHGEF12,ENSG00000196914.4,Q9NZN5,23365,KIAA0382,LARG
ARID1A	AT-rich interaction domain 1A	COSG18061	1	27022524	27108595	1p36.11	y	n	clear cell ovarian carcinoma, RCC, breast			E	Rec	TSG, fusion	Mis, N, F, S, D, T	MAST2	n		1	ARID1A,ENSG00000117713.13,O14497,8289,B120,BAF250,BAF250a,C10rf4,P270
ARID1B	AT-rich interaction domain 1B	COSG55945	6	157099063	157531913	6q25.3	y	n	breast, hepatocellular carcinoma, clear cell ovarian carcinoma			E	Rec	TSG	Mis, F, N, O		n		1	ARID1B,ENSG00000049618.17,Q8NFD5,57492,6A3-5,BAF250b,DAN15,ELD/OSA1,KIAA1235,p250R
ARID2	AT-rich interaction domain 2	COSG6926	12	46123448	46301823	12q12	y	n	hepatocellular carcinoma			E	Rec	TSG	N, S, F		n		1	ARID2,ENSG00000189079.11,Q68CP9,196528,BAF200,DKFZp686G052,FLJ30619,KIAA1557
ARNT	aryl hydrocarbon receptor nuclear translocator	COSG13250	1	150782181	150849244	1q21.3	y	n	AML			L	Dom	oncogene, TSG, fusion	T	ETV6	n		1	ARNT,ENSG00000143437.16,P27540,405,HIF-1beta,bHLHe2
ASPM	abnormal spindle microtubule assembly	COSG31015	1	197053258	197115824	1q31.3	y	y	breast cancer, lung cancer, endometrial cancer, melanoma		nevoid basal cell carcinoma syndrome	E, O			A, F, Mis, N		n		2	ASPM,ENSG00000066279.12,Q8IZT6,259266,ASP,Calmbp1,FLJ10517,FLJ10549
ASPSCR1	ASPSCR1, UBX domain containing tether for SLC2A4	COSG45358	17	79934683	79975282	17q25.3	y	n	alveolar soft part sarcoma			M	Dom	fusion	T	TFE3	n		1	ASPSCR1,ENSG00000169696.11,Q9BZE9,79058,ASPL,ASPS,TUG,UBXD9,UBXN9
ASXL1	ASXL transcriptional regulator 1	COSG3999	20	30946155	31027122	20q11.21	y	n	MDS, CMML			L	Rec	TSG	F, N, Mis		y	Bohring-Opitz syndrome	1	ASXL1,ENSG00000171456.12,Q8IXJ9,171023,KIAA0978
ASXL2	ASXL transcriptional regulator 2	COSG3649	2	25956622	26101385	2p23.3	y	n	melanoma, CCRCC, AML			E, L		TSG	O,N, F		n		2	ASXL2,ENSG00000143970.12,Q76L83,55252,ASXH2,FLJ10898,KIAA1685
ATF1	activating transcription factor 1	COSG29011	12	51157493	51214905	12q13.12	y	n	malignant melanoma of soft parts, angiomatoid fibrous histiocytoma			E, M	Dom	oncogene, fusion	T	EWSR1, FUS	n		1	ATF1,ENSG00000123268.4,P18846,466,TREB36
ATIC	5-aminoimidazole-4-carboxamide ribonucleotide formyltransferase/IMP cyclohydrolase	COSG44989	2	216176540	216214487	2q35	y	n	ALCL			L	Dom	fusion	T	ALK	n		1	ATIC,ENSG00000138363.10,P31939,471,AICARFT,IMPCHASE,PURH
ATM	ATM serine/threonine kinase	COSG50914	11	108093211	108239829	11q22.3	y	y	T-PLL	leukaemia, lymphoma, medulloblastoma, glioma	ataxia-telangiectasia	L, O	Rec	TSG	D, Mis, N, F, S		n		1	ATM,ENSG00000149311.13,Q13315,472,TEL1,TELO1
ATP1A1	ATPase Na+/K+ transporting subunit alpha 1	COSG52860	1	116915290	116952883	1p13.1	y	n	adrenal aldosterone producing adenoma			E	Dom	oncogene, TSG	Mis, O		n		1	ATP1A1,ENSG00000163399.11,P05023,476
ATP2B3	ATPase plasma membrane Ca2+ transporting 3	COSG19284	X	152783134	152848397	Xq28	y	n	adrenal aldosterone producing adenoma			E	Dom	TSG	O		n		1	ATP2B3,ENSG00000067842.13,Q16720,492,CFAP39,PMCA3
ATR	ATR serine/threonine kinase	COSG33701	3	142168077	142297668	3q23	y	y	endometrial, gastric, epithelial ovarian, myeloma	oropharyngeal	familial cutaneous telangiectasia and cancer syndrome	E, L	Dom	TSG	F, Mis		y	Seckel syndrome 1	1	ATR,ENSG00000175054.10,Q13535,545,FRP1,MEC1,SCKL,SCKL1
ATRX	ATRX, chromatin remodeler	COSG2777	X	76760356	77041702	Xq21.1	y	n	pancreatic neuroendocrine tumours, paediatric GBM			E	Rec	TSG	Mis, F, N		y	ATR-X (alpha thalassemia/mental retardation) syndrome	1	ATRX,ENSG00000085224.16,P46100,546,XH2,XNP
AXIN1	axin 1	COSG48766	16	337440	402673	16p13.3	y	n	colorectal, endometrial, prostate, hepatocellular carcinoma, hepatoblastoma, sporadic medulloblastoma			E, O	Rec	TSG	D, Mis, N, F, S		n		1	AXIN1,ENSG00000103126.10,O15169,8312,PPP1R49
AXIN2	axin 2	COSG10914	17	63524681	63557765	17q24.1	y	y	colorectal carcinoma, stomach carcinoma, hepatocellular carcinoma	colorectal carcinoma	oligodontia-colorectal cancer syndrome	E	Rec	TSG	Mis, F, N		n		1	AXIN2,ENSG00000168646.8,Q9Y2T1,8313,DKFZp781B0869,MGC126582
B2M	beta-2-microglobulin	COSG46015	15	45003675	45011075	15q21.1	y	n	DLBCL, melanoma, colorectal adenocarcinoma			E, L	Rec	TSG	Mis, N, F		y	Immunodeficiency 43	1	B2M,ENSG00000166710.13,P61769,567
BAP1	BRCA1 associated protein 1	COSG21733	3	52435029	52444366	3p21.1	y	y	uveal melanoma, breast, NSCLC, RCC	mesothelioma, skin and uveal melanoma, kidney cancer	BAP1 tumor predisposition syndrome	E	Rec	TSG	N, Mis, F, S, O		n		1	BAP1,ENSG00000163930.5,Q92560,8314,KIAA0272,UCHL2,hucep-6
BARD1	BRCA1 associated RING domain 1	COSG28426	2	215590370	215674428	2q35	y	y	breast cancer	ovarian cancer, breast cancer, endometrioid cancer		E		TSG	Mis		n		1	BARD1,ENSG00000138376.6,Q99728,580
BAX	BCL2 associated X, apoptosis regulator	COSG48854	19	49458072	49465055	19q13.33	y	n	colorectal cancer			E		TSG	F, Mis		n		1	BAX,ENSG00000087088.15,Q07812,581,BCL2L4
BAZ1A	bromodomain adjacent to zinc finger domain 1A	COSG11433	14	35221937	35344853	14q13.2	y	n	uterine carcinosarcoma, colon cancer			E		TSG	D		n		2	BAZ1A,ENSG00000198604.6,Q9NRL2,11177,ACF1,WALp1,WCRF180,hACF1
BCL10	BCL10, immune signaling adaptor	COSG48770	1	85731931	85742773	1p22.3	y	n	MALT			L	Dom	TSG, fusion	T	IGH	n		1	BCL10,ENSG00000142867.8,O95999,8915,CARMEN,CIPER,CLAP,c-E10,mE10
BCL11A	BCL11A, BAF complex component	COSG57586	2	60678302	60780702	2p16.1	y	n	B-CLL			L	Dom	oncogene, fusion	T	IGH	n		1	BCL11A,ENSG00000119866.16,Q9H165,53335,BCL11A-L,BCL11A-S,BCL11A-XL,CTIP1,HBFQTL5,ZNF856
BCL11B	BCL11B, BAF complex component	COSG13302	14	99635624	99737861	14q32.2	y	n	T-ALL			L	Dom	oncogene, TSG, fusion	T	TLX3	n		1	BCL11B,ENSG00000127152.13,Q9C0K0,64919,CTIP-2,CTIP2,hRIT1-alpha
BCL2	BCL2, apoptosis regulator	COSG43017	18	60790579	60987361	18q21.33	y	n	NHL, CLL			L	Dom	oncogene, fusion	T	IGH	n		1	BCL2,ENSG00000171791.10,P10415,596,Bcl-2,PPP1R50
BCL2L12	BCL2 like 12	COSG3123	19	50168823	50177173	19q13.33	y	n	melanoma, SCC			E		oncogene	Mis		n		2	BCL2L12,ENSG00000126453.5,Q9HB09,83596
BCL3	BCL3, transcription coactivator	COSG48596	19	45250962	45263301	19q13.32	y	n	CLL			L	Dom	oncogene, fusion	T	IGH	n		1	BCL3,ENSG00000069399.8,P20749,602
BCL6	BCL6, transcription repressor	COSG1653	3	187439165	187463515	3q27.3	y	n	NHL, CLL			L	Dom	oncogene, fusion	T, Mis	IG loci, ZNFN1A1, LCP1, PIM1, TFRC, CIITA, NACA, HSPCB, HSP90AA1, HIST1H4I, IL21R,  POU2AF1, RHOH, EIF4A2, SRSF3	n		1	BCL6,ENSG00000113916.13,P41182,604,BCL5,BCL6A,LAZ3,ZBTB27
BCL7A	BCL7A, BAF complex component	COSG19681	12	122457328	122499948	12q24.31	y	n	BNHL			L	Dom	fusion	T	MYC	n		1	BCL7A,ENSG00000110987.4,Q4VC05,605
BCL9	B cell CLL/lymphoma 9	COSG20375	1	147013182	147098017	1q21.2	y	n	B-ALL			L	Dom	oncogene, fusion	T	IGH, IGL	n		1	BCL9,ENSG00000116128.5,O00512,607
BCL9L	B cell CLL/lymphoma 9 like	COSG45388	11	118764584	118796317	11q23.3	y	n	colorectal cancer, endometrial carcinoma, gastric cancer			E		oncogene, TSG	Mis, F		n		1	BCL9L,ENSG00000186174.8,Q86UU0,283149,DLNB11
BCLAF1	BCL2 associated transcription factor 1	COSG18618	6	136578001	136610989	6q23.3	y	n	melanoma, SCC			E			Mis		n		2	BCLAF1,ENSG00000029363.11,Q9NYF8,9774,BTF,KIAA0164
BCOR	BCL6 corepressor	COSG9627	X	39909068	40036582	Xp11.4	y	n	retinoblastoma, AML, APL (translocation)			L, M	Rec	TSG, fusion	F, N, S, T	RARA	y	Oculo-facio-cardio-dental genetic	1	BCOR,ENSG00000183337.12,Q6W2J9,54880,FLJ20285,KIAA1575
BCORL1	BCL6 corepressor like 1	COSG33827	X	129115083	129192058	Xq26.1	y	n	AML, HNSCC			E, L		oncogene, TSG	Mis, N, F		n		1	BCORL1,ENSG00000085185.11,Q5H9F3,63035,FLJ11362
BCR	BCR, RhoGEF and GTPase activating protein	COSG53639	22	23521891	23660224	22q11.23	y	n	CML, ALL, AML			L	Dom	fusion	T	ABL1,  FGFR1, JAK2	n		1	BCR,ENSG00000186716.15,P11274,613,ALL,CML,D22S662,PHL
BIRC3	baculoviral IAP repeat containing 3	COSG51228	11	102188215	102210134	11q22.2	y	n	CLL, MALT, MCL, MM			L	Dom	oncogene, TSG, fusion	D, F, N, T, Mis	MALT1	n		1	BIRC3,ENSG00000023445.9,Q13489,330,MALT2,MIHC,RNF49,c-IAP2,cIAP2,hiap-1
BIRC6	baculoviral IAP repeat containing 6	COSG56210	2	32582096	32843966	2p22.3	y	n	melanoma, gastric adenocarcinoma, lung adenocarcinoma			E		oncogene, fusion	T, Mis	ALK	n		2	BIRC6,ENSG00000115760.9,Q9NR09,57448,BRUCE
BLM	BLM RecQ like helicase	COSG21874	15	91260558	91358859	15q26.1	n	y		leukaemia, lymphoma, skin squamous cell, other tumour types	Bloom syndrome	L, E	Rec	TSG	Mis, N, F		n		1	BLM,ENSG00000197299.6,P54132,641,BS,RECQ2,RECQL3
BMP5	bone morphogenetic protein 5	COSG40831	6	55618443	55740362	6p12.1	y	n	melanoma			E			Mis		n		2	BMP5,ENSG00000112175.6,P22003,653
BMPR1A	bone morphogenetic protein receptor type 1A	COSG23527	10	88516407	88692595	10q23.2	n	y		gastrointestinal polyps	juvenile polyposis	E	Rec	oncogene, TSG	Mis, N, F		n		1	BMPR1A,ENSG00000107779.7,P36894,657,ALK3,CD292
BRAF	B-Raf proto-oncogene, serine/threonine kinase	COSG16058	7	140419127	140624564	7q34	y	n	melanoma, colorectal, papillary thyroid, borderline ovarian, NSCLC, cholangiocarcinoma, pilocytic astrocytoma, Spitzoid tumour, pancreas acinar carcinoma, melanocytic nevus, prostate, gastric			E, O	Dom	oncogene, fusion	Mis, T, O	AKAP9, KIAA1549, CEP88, LSM14A, SND1, FCHSD1, SLC45A3, FAM131B, RNF130, CLCN6, MKRN1, GNAI1, AGTRAP	y	Cardio-facio-cutaneous syndrome	1	BRAF,ENSG00000157764.8,P15056,673,BRAF1
BRCA1	BRCA1, DNA repair associated	COSG6829	17	41196312	41277500	17q21.31	y	y	ovarian	breast, ovarian	hereditary breast/ovarian cancer	E	Rec	TSG	D, Mis, N, F, S		n		1	BRCA1,ENSG00000012048.15,672,BRCC1,FANCS,PPP1R53,RNF53
BRCA2	BRCA2, DNA repair associated	COSG42652	13	32889611	32973805	13q13.1	y	y	breast, ovarian, pancreatic	breast, ovarian, pancreatic, leukaemia  (FANCB, FANCD1)	hereditary breast/ovarian cancer	L, E	Rec	TSG	D, Mis, N, F, S		n		1	BRCA2,ENSG00000139618.10,P51587,675,BRCC2,FAD,FAD1,XRCC11
BRD3	bromodomain containing 3	COSG43382	9	136895427	136933657	9q34.2	y	n	lethal midline carcinoma of young people			E	Dom	oncogene, fusion	T	NUTM1	n		1	BRD3,ENSG00000169925.12,Q15059,8019,KIAA0043,ORFX,RING3L
BRD4	bromodomain containing 4	COSG22579	19	15347647	15443356	19p13.12	y	n	lethal midline carcinoma of young people			E	Dom	oncogene, fusion	T	NUTM1	n		1	BRD4,ENSG00000141867.13,O60885,23476,CAP,HUNK1,HUNKI,MCAP
BRIP1	BRCA1 interacting protein C-terminal helicase 1	COSG27868	17	59758627	59940882	17q23.2	n	y		AML, leukaemia, breast	Fanconi anaemia J, breast cancer susceptiblity	L, E	Rec	TSG	F, N, Mis		n		1	BRIP1,ENSG00000136492.4,Q9BX63,83990,BACH1,FANCJ,OF
BTG1	BTG anti-proliferation factor 1	COSG6356	12	92536286	92539673	12q21.33	y	n	B-CLL			L	Dom	TSG, fusion	T	MYC	n		1	BTG1,ENSG00000133639.3,P62324,694,APRO2
BTG2	BTG anti-proliferation factor 2	COSG35883	1	203274619	203278730	1q32.1	y	n	DLBCL			L		TSG	Mis		n		2	BTG2,ENSG00000159388.5,P78543,7832,APRO1,MGC126063,MGC126064,PC3,TIS21
BTK	Bruton tyrosine kinase	COSG54591	X	100604435	100641183	Xq22.1	y	n	CLL, mantle cell lymphoma, WM			L	Dom	oncogene, TSG	Mis		y	agammaglobulinemia	1	BTK,ENSG00000010671.11,Q06187,695,ATK,PSCTK1,XLA
BUB1B	BUB1 mitotic checkpoint serine/threonine kinase B	COSG16192	15	40453224	40513337	15q15.1	n	y		rhabdomyosarcoma	mosaic variegated aneuploidy	M	Rec	TSG	Mis, N, F, S		n		1	BUB1B,ENSG00000156970.8,O60566,701,BUBR1,Bub1A,MAD3L,SSK1
C15orf65	chromosome 15 open reading frame 65	COSG5395	15	55700746	55710962	15q21.3	y	n	PMBL, Hodgkin lymphoma			L	Dom	fusion	T	CIITA	n		2	C15orf65,ENSG00000261652.2,H3BRN8,145788,FLJ27352
CACNA1D	calcium voltage-gated channel subunit alpha1 D	COSG2004	3	53528683	53847760	3p21.1	y	n	adrenal aldosterone producing adenoma			E	Dom	oncogene	Mis		y	Syndrome featuring primary aldosteronism, seizures and neuromuscular disease.	1	CACNA1D,ENSG00000157388.9,Q01668,776,CACH3,CACN4,Cav1.3
CALR	calreticulin	COSG23626	19	13049392	13055303	19p13.2	y	n	MPN, MDS			L	Dom	oncogene	F, Mis		n		1	CALR,ENSG00000179218.9,P27797,811,CRT,FLJ26680,RO,SSA,cC1qR
CAMTA1	calmodulin binding transcription activator 1	COSG10295	1	6845384	7829766	1p36.31	y	n	epithelioid haemangioendothelioma			M	Dom	TSG, fusion	T	WWTR1	n		1	CAMTA1,ENSG00000171735.14,Q9Y6Y1,23261,KIAA0833
CANT1	calcium activated nucleotidase 1	COSG55381	17	76987799	77005949	17q25.3	y	n	prostate			E	Dom	fusion	T	ETV4	n		1	CANT1,ENSG00000171302.12,Q8WVQ1,124583,SCAN-1,SHAPY
CARD11	caspase recruitment domain family member 11	COSG2407	7	2945775	3083579	7p22.2	y	n	DLBCL			L	Dom	oncogene	Mis		n		1	CARD11,ENSG00000198286.5,Q9BXL7,84433,BIMP3,CARMA1
CARS	cysteinyl-tRNA synthetase	COSG28101	11	3022152	3078843	11p15.4	y	n	ALCL			L	Dom	TSG, fusion	T	ALK	n		1	CARS,ENSG00000110619.12,P49589,833,CARS1
CASP3	caspase 3	COSG9727	4	185548850	185570663	4q35.1	y	n	ovarian cancer			E		TSG	D		n		2	CASP3,ENSG00000164305.13,P42574,836,CPP32,CPP32B,Yama,apopain
CASP8	caspase 8	COSG50379	2	202098166	202152434	2q33.1	y	n	hepatocellular, oral squamous cell, breast			E	Rec	TSG	N, S, F		n		1	CASP8,ENSG00000064012.17,Q14790,841,Casp-8,FLICE,MACH,MCH5
CASP9	caspase 9	COSG32345	1	15817327	15853029	1p36.21	y	n	glioma			O		TSG	D		n		2	CASP9,ENSG00000132906.13,P55211,842,APAF-3,ICE-LAP6,MCH6,PPP1R56
CBFA2T3	CBFA2/RUNX1 translocation partner 3	COSG50338	16	88941266	89043612	16q24.3	y	n	AML			L	Dom	TSG, fusion	T	RUNX1, GLIS2	n		1	CBFA2T3,ENSG00000129993.10,O75081,863,ETO2,MTG16,MTGR2,RUNX1T3,ZMYND4
CBFB	core-binding factor subunit beta	COSG22473	16	67063019	67134961	16q22.1	y	n	AML			L	Dom	TSG, fusion	T	MYH11	n		1	CBFB,ENSG00000067955.9,Q13951,865,PEBP2B
CBL	Cbl proto-oncogene	COSG33780	11	119076752	119178859	11q23.3	y	n	AML, JMML, MDS			L	Dom/Rec	oncogene, TSG, fusion	T, Mis, S, O	KMT2A	n		1	CBL,ENSG00000110395.4,P22681,867,RNF55,c-Cbl
CBLB	Cbl proto-oncogene B	COSG25159	3	105374305	105588396	3q13.11	y	n	AML			L	Rec	TSG	Mis, S		n		1	CBLB,ENSG00000114423.14,Q13191,868,Cbl-b,RNF56
CBLC	Cbl proto-oncogene C	COSG12173	19	45281126	45303891	19q13.32	y	n	cervical SCC, malignant melanoma			E, O			A, Mis, N		n		2	CBLC,ENSG00000142273.6,Q9ULV8,23624,CBL-3,CBL-SL,RNF57
CCDC6	coiled-coil domain containing 6	COSG50163	10	61548521	61666414	10q21.2	y	n	papillary thyroid, CML, NSCLC			E	Dom	TSG, fusion	T	RET, PDGFRB	n		1	CCDC6,ENSG00000108091.10,Q16204,8030,H4,PTC,TPC
CCNB1IP1	cyclin B1 interacting protein 1	COSG13874	14	20779527	20801471	14q11.2	y	n	leiomyoma			M	Dom	TSG, fusion	T	HMGA2	n		1	CCNB1IP1,ENSG00000100814.13,Q9NPC3,57820,HEI10
CCNC	cyclin C	COSG13782	6	99990256	100016849	6q16.2	y	n	T-ALL			L		TSG	D		n		2	CCNC,ENSG00000112237.8,P24863,892,CycC
CCND1	cyclin D1	COSG41693	11	69455855	69469242	11q13.3	y	n	CLL, B-ALL, breast			L, E	Dom	oncogene, fusion	T	IGH, FSTL3	n		1	CCND1,ENSG00000110092.3,P24385,595,U21B31
CCND2	cyclin D2	COSG14631	12	4382938	4414516	12p13.32	y	n	NHL,CLL			L	Dom	oncogene, fusion	T	IGL	n		1	CCND2,ENSG00000118971.3,P30279,894
CCND3	cyclin D3	COSG49195	6	41902671	42018095	6p21.1	y	n	MM			L	Dom	oncogene, fusion	T	IGH	n		1	CCND3,ENSG00000112576.8,P30281,896
CCNE1	cyclin E1	COSG42695	19	30302805	30315215	19q12	y	n	serous ovarian			E	Dom	oncogene	A		n		1	CCNE1,ENSG00000105173.9,P24864,898
CCR4	C-C motif chemokine receptor 4	COSG6906	3	32993066	32997841	3p22.3	y	n	adult T-cell leukaemia/lymphoma			L		oncogene	N		n		2	CCR4,ENSG00000183813.6,P51679,1233,CC-CKR-4,CD194,CKR4,CMKBR4,ChemR13,k5-5
CCR7	C-C motif chemokine receptor 7	COSG6823	17	38710021	38721724	17q21.2	y	n	adult T-cell leukaemia/lymphoma			L		oncogene	N		n		2	CCR7,ENSG00000126353.3,P32248,1236,BLR2,CD197,CDw197
CD209	CD209 molecule	COSG37452	19	7804879	7812464	19p13.2	y	n	prostate carcinoma			E			Mis		n		2	CD209,ENSG00000090659.13,Q9NNX6,30835,CDSIGN,CLEC4L,DC-SIGN,DC-SIGN1
CD274	CD274 molecule	COSG7478	9	5450503	5470566	9p24.1	y	n	PMBL, Hodgkin lymphoma			L	Dom	TSG, fusion	T	CIITA	n		1	CD274,ENSG00000120217.9,Q9NZQ7,29126,B7-H,B7-H1,B7H1,PD-L1,PDL1
CD28	CD28 molecule	COSG1955	2	204571198	204603635	2q33.2	y	n	T-cell lymphoma			L		oncogene	Mis		n		2	CD28,ENSG00000178562.13,P10747,940
CD74	CD74 molecule	COSG23579	5	149781200	149792492	5q32	y	n	NSCLC			E	Dom	oncogene, fusion	T	ROS1, NRG1	n		1	CD74,ENSG00000019582.10,P04233,972
CD79A	CD79a molecule	COSG40170	19	42381190	42385439	19q13.2	y	n	DLBCL, WM			L	Dom	oncogene	S		y	Agammaglobulinaemia	1	CD79A,ENSG00000105369.5,P11912,973,MB-1
CD79B	CD79b molecule	COSG40857	17	62006100	62009714	17q23.3	y	n	DLBCL, WM			L	Dom	oncogene	Mis, S		y	Agammaglobulinaemia	1	CD79B,ENSG00000007312.8,P40259,974,B29
CDC73	cell division cycle 73	COSG37517	1	193091147	193223031	1q31.2	y	y	parathyroid adenoma	parathyroid adenoma, multiple ossifying jaw fibroma	hyperparathyroidism-jaw tumour syndrome	E, M	Rec	TSG	Mis, N, F		n		1	CDC73,ENSG00000134371.9,Q6P1J9,79577,FIHP,parafibromin
CDH1	cadherin 1	COSG21615	16	68771128	68869451	16q22.1	y	y	lobular breast, gastric	gastric	familial gastric carcinoma	E	Rec	TSG	Mis, N, F, S		n		1	CDH1,ENSG00000039068.14,P12830,999,CD324,uvomorulin
CDH10	cadherin 10	COSG28851	5	24487209	24645087	5p14.2	y	y	melanoma	pancreatic ductal adenocarcinoma		E		TSG	Mis, F, N		n		2	CDH10,ENSG00000040731.6,Q9Y6N8,1008
CDH11	cadherin 11	COSG51678	16	64977656	65160015	16q21	y	n	aneurysmal bone cyst			M	Dom	TSG, fusion	T	USP6	n		1	CDH11,ENSG00000140937.9,P55287,1009,CAD11,OB
CDH17	cadherin 17	COSG36411	8	95139399	95229531	8q22.1	y	n	melanoma			E		oncogene	Mis		n		2	CDH17,ENSG00000079112.5,Q12864,1015,HPT-1,cadherin
CDK12	cyclin dependent kinase 12	COSG479	17	37617764	37721160	17q12	y	n	serous ovarian			E	Rec	TSG	Mis, N, F		n		1	CDK12,ENSG00000167258.9,Q9NYV4,51755,CRK7,CRKR,KIAA0904
CDK4	cyclin dependent kinase 4	COSG33252	12	58141510	58149796	12q14.1	n	y		melanoma	familial malignant melanoma	E	Dom	oncogene	Mis		n		1	CDK4,ENSG00000135446.12,P11802,1019,PSK-J3
CDK6	cyclin dependent kinase 6	COSG19722	7	92234235	92465908	7q21.2	y	n	ALL			L	Dom	oncogene, fusion	T	MLLT10	n		1	CDK6,ENSG00000105810.5,Q00534,1021,PLSTIRE
CDKN1A	cyclin dependent kinase inhibitor 1A	COSG50542	6	36644305	36655116	6p21.2	y	n	bladder cancer			E		oncogene, TSG	F, N		n		2	CDKN1A,ENSG00000124762.9,P38936,1026,CAP20,CIP1,P21,SDI1,WAF1,p21,p21CIP1,p21Cip1/Waf1
CDKN1B	cyclin dependent kinase inhibitor 1B	COSG41867	12	12867992	12875305	12p13.1	y	y	breast, small intestine neuroendocrine tumours	pituitary, parathyroid	multiple endocrine neoplasia type IV	E	Rec	TSG	F		n		1	CDKN1B,ENSG00000111276.6,P46527,1027,KIP1,P27KIP1
CDKN2A	cyclin dependent kinase inhibitor 2A	COSG8483	9	21967751	21995300	9p21.3	y	y	melanoma, multiple other tumour types	melanoma, pancreatic	familial malignant melanoma	L, E, M, O	Rec	TSG	D, Mis, N, F, S		n		1	CDKN2A,ENSG00000147889.12,P42771,1029,ARF,CDK4I,CMM2,INK4,INK4a,MTS1,p14,p14ARF,p16,p16INK4a,p19,p19Arf
CDKN2C	cyclin dependent kinase inhibitor 2C	COSG4258	1	51426417	51440305	1p32.3	y	n	glioma, MM			O, L	Rec	TSG	D		n		1	CDKN2C,ENSG00000123080.6,P42773,1031,INK4C,p18
CDX2	caudal type homeobox 2	COSG4051	13	28536274	28545276	13q12.2	y	n	AML			L	Dom	TSG, fusion	T	ETV6	n		1	CDX2,ENSG00000165556.9,Q99626,1045
CEBPA	CCAAT enhancer binding protein alpha	COSG38866	19	33790840	33793470	19q13.11	y	n	AML, MDS			L	Dom	TSG	Mis, N, F		n		1	CEBPA,ENSG00000245848.2,P49715,1050,C/EBP-alpha
CEP89	centrosomal protein 89	COSG35656	19	33369902	33462897	19q13.11	y	n	Spitzoid tumour			E	Dom	fusion	T	BRAF	n		2	CEP89,ENSG00000121289.13,Q96ST8,84902,FLJ14640
CHCHD7	coiled-coil-helix-coiled-coil-helix domain containing 7	COSG11073	8	57124245	57131357	8q12.1	y	n	salivary adenoma			E	Dom	fusion	T	PLAG1	n		1	CHCHD7,ENSG00000170791.13,Q9BUK0,79145,COX23,MGC2217
CHD2	chromodomain helicase DNA binding protein 2	COSG36790	15	93426526	93571237	15q26.1	y	n	melanoma, large intestine, CLL, monoclonal B lymphocytosis			E, L		TSG	Mis, F, N		n		2	CHD2,ENSG00000173575.14,O14647,1106,DKFZp547I1315,DKFZp686E01200,DKFZp781D1727,FLJ38614
CHD4	chromodomain helicase DNA binding protein 4	COSG2076	12	6679249	6716642	12p13.31	y	n	uterine serous carcinoma			E	Dom	oncogene	Mis, F, N		n		1	CHD4,ENSG00000111642.10,Q14839,1108,Mi-2b,Mi2-BETA
CHEK2	checkpoint kinase 2	COSG25250	22	29083731	29138410	22q12.1	n	y		breast	familial breast cancer	E	Rec	TSG	F		n		1	CHEK2,ENSG00000183765.16,O96017,11200,CDS1,CHK2,HuCds1,PP1425,bA444G7
CHIC2	cysteine rich hydrophobic domain 2	COSG51402	4	54875956	54930857	4q12	y	n	AML			L	Dom	fusion	T	ETV6	n		2	CHIC2,ENSG00000109220.6,Q9UKJ5,26511,BTL
CHST11	carbohydrate sulfotransferase 11	COSG53899	12	104849073	105155792	12q23.3	y	n	B-CLL			L		oncogene, fusion	T		n		2	CHST11,ENSG00000171310.6,Q9NPF2,50515,C4ST,C4ST1,C4St-1,HSA269537
CIC	capicua transcriptional repressor	COSG52603	19	42772689	42799949	19q13.2	y	n	oligodendroglioma, soft tissue sarcoma			O, M	Rec	oncogene, TSG, fusion	Mis, F, S,T	DUX4L1, FOXO4	n		1	CIC,ENSG00000079432.3,Q96RK0,23152,KIAA0306
CIITA	class II major histocompatibility complex transactivator	COSG7604	16	10971055	11026079	16p13.13	y	n	PMBL, Hodgkin lymphoma			L	Dom	TSG, fusion	T	C15orf55, CD274, PDCD1LG2, RALGDS, RUNDC2A, RMI2, BCL6	n		1	CIITA,ENSG00000179583.13,P33076,4261,C2TA,NLRA
CLIP1	CAP-Gly domain containing linker protein 1	COSG50985	12	122755979	122907179	12q24.31	y	n	Spitzoid tumour			E	Dom	fusion	T	ROS1	n		1	CLIP1,ENSG00000130779.15,P30622,6249,CLIP,CLIP-170,CLIP170,CYLN1
CLP1	cleavage and polyadenylation factor I subunit 1	COSG13288	11	57416465	57429340	11q12.1	y	n	AML			L	Dom	fusion	T	KMT2A	n		2	CLP1,ENSG00000172409.5,Q92989,10978,HEAB,hClp1
CLTC	clathrin heavy chain	COSG20684	17	57697219	57773671	17q23.1	y	n	ALCL, renal			L	Dom	TSG, fusion	T	ALK, TFE3	n		1	CLTC,ENSG00000141367.7,Q00610,1213,Hc
CLTCL1	clathrin heavy chain like 1	COSG51973	22	19166986	19279239	22q11.21	y	n	ALCL			L	Dom	TSG, fusion	T	?	n		1	CLTCL1,ENSG00000070371.11,P53675,8218,CHC22,CLH22,CLTD
CNBD1	cyclic nucleotide binding domain containing 1	COSG12437	8	87878670	88627447	8q21.3	y	n	gastric cancer, colon cancer			E			Mis		n		2	CNBD1,ENSG00000176571.7,Q8NA66,168975,FLJ35802
CNBP	CCHC-type zinc finger nucleic acid binding protein	COSG15572	3	128888327	128902765	3q21.3	y	n	aneurysmal bone cyst			M	Dom	TSG, fusion	T	USP6	n		1	CNBP,ENSG00000169714.12,P62633,7555,CNBP1,RNF163,ZCCHC22
CNOT3	CCR4-NOT transcription complex subunit 3	COSG12428	19	54641444	54659419	19q13.42	y	n	T-ALL			L	Rec	TSG	Mis, N, F		n		1	CNOT3,ENSG00000088038.13,O75175,4849,KIAA0691,LENG2,NOT3H
CNTNAP2	contactin associated protein like 2	COSG2618	7	145813453	148118090	7q36.1	y	n	glioma, melanoma			E, O		TSG	Mis		n		2	CNTNAP2,ENSG00000174469.13,Q9UHC6,26047,Caspr2,KIAA0868,NRXN4
CNTRL	centriolin	COSG22873	9	123837141	123939888	9q33.2	y	n	MPN, NHL			L	Dom	fusion	T	FGFR1	n		1	CNTRL,ENSG00000119397.12,Q7Z7A1,11064
COL1A1	collagen type I alpha 1 chain	COSG24837	17	48260650	48278993	17q21.33	y	n	DFSP, aneurysmal bone cyst			M	Dom	fusion	T	PDGFB, USP6	y	Osteogenesis imperfecta	1	COL1A1,ENSG00000108821.9,P02452,1277,OI4
COL2A1	collagen type II alpha 1 chain	COSG17340	12	48366748	48398269	12q13.11	y	n	chondrosarcoma, enchondroma			M	Rec	fusion	T	GMEB1, LINC00513, LOC101927502, PPP1R42, TANC2, TMEM106C	y	Spondyloepiphyseal Dysplasia Congenita, Achondrogenesis Type II, Stickler Syndrome, Type I and others	1	COL2A1,ENSG00000139219.13,P02458,1280,STL1
COL3A1	collagen type III alpha 1 chain	COSG27551	2	189839046	189877472	2q32.2	y	n	lipoblastoma			E		fusion	T	PLAG1	n		2	COL3A1,ENSG00000168542.8,P02461,1281
COX6C	cytochrome c oxidase subunit 6C	COSG23012	8	100885428	100906290	8q22.2	y	n	uterine leiomyoma			M	Dom	fusion	T	HMGA2	n		2	COX6C,ENSG00000164919.6,P09669,1345
CPEB3	cytoplasmic polyadenylation element binding protein 3	COSG20330	10	93806449	94050844	10q23.32	y	n	lung cancer			E		TSG	D		n		2	CPEB3,ENSG00000107864.10,Q8NE35,22849,KIAA0940
CREB1	cAMP responsive element binding protein 1	COSG3986	2	208394461	208468155	2q33.3	y	n	clear cell sarcoma, angiomatoid fibrous histiocytoma			M	Dom	oncogene, fusion	T	EWSR1	n		1	CREB1,ENSG00000118260.10,P16220,1385
CREB3L1	cAMP responsive element binding protein 3 like 1	COSG45117	11	46299212	46342972	11p11.2	y	n	myxofibrosarcoma			M	Dom	TSG, fusion	T	FUS	n		1	CREB3L1,ENSG00000157613.6,Q96BA8,90993,OASIS
CREB3L2	cAMP responsive element binding protein 3 like 2	COSG28697	7	137559725	137686813	7q33	y	n	fibromyxoid sarcoma			M	Dom	oncogene, fusion	T	FUS	n		1	CREB3L2,ENSG00000182158.10,Q70SY1,64764,BBF2H7,TCAG_1951439
CREBBP	CREB binding protein	COSG6107	16	3775055	3930727	16p13.3	y	n	ALL, AML, DLBCL, B-NHL			L	Dom/Rec	oncogene, TSG, fusion	T, N, F, Mis, O	KMT2A, MORF, KAT6A	y	Rubinstein-Taybi syndrome	1	CREBBP,ENSG00000005339.8,Q92793,1387,CBP,KAT3A,RTS
CRLF2	cytokine receptor like factor 2	COSG12100	X	1314890	1331616	Xp22.33	y	n	B-ALL, Downs associated ALL			L	Dom	oncogene, fusion	Mis, T	P2RY8, IGH	n		1	CRLF2,ENSG00000205755.6,64109,CRL2,TSLPR
CRNKL1	crooked neck pre-mRNA splicing factor 1	COSG22951	20	20015012	20036690	20p11.23	y	n	basal cell carcinoma			E			Mis		n		2	CRNKL1,ENSG00000101343.10,Q9BZJ0,51340,CLF,CRN,Clf1,SYF3
CRTC1	CREB regulated transcription coactivator 1	COSG46644	19	18794487	18893004	19p13.11	y	n	salivary gland mucoepidermoid			E	Dom	oncogene, fusion	T	MAML2	n		1	CRTC1,ENSG00000105662.11,Q6UUV9,23373,FLJ14027,KIAA0616,TORC1
CRTC3	CREB regulated transcription coactivator 3	COSG30958	15	91073157	91188577	15q26.1	y	n	salivary gland mucoepidermoid			E	Dom	fusion	T	MAML2	n		1	CRTC3,ENSG00000140577.11,Q6UUV7,64784,FLJ21868
CSF1R	colony stimulating factor 1 receptor	COSG19280	5	149432854	149492935	5q32	y	n	MDS, CML, AML, hemangioblastoma, CCRCC			L, M, E		oncogene	Mis, N		y	diffuse leukoencephalopathy with spheroids	2	CSF1R,ENSG00000182578.9,P07333,1436,C-FMS,CD115,CSFR
CSF3R	colony stimulating factor 3 receptor	COSG16010	1	36931644	36948879	1p34.3	y	n	aCML, CNL,  leukaemia lymphoma and MDS associated with severe congenital neutropenia, CMML, de novo AML, MDS			L	Dom	oncogene	Mis, N		y	Kostmann syndrome, severe congenital neutropenia	1	CSF3R,ENSG00000119535.13,Q99062,1441,GCSFR
CSMD3	CUB and Sushi multiple domains 3	COSG9528	8	113235157	114449328	8q23.3	y	n	ovarian cancer, oral SCC, lung cancer			E		TSG	Mis, N		n		2	CSMD3,ENSG00000164796.13,Q7Z407,114788
CTCF	CCCTC-binding factor	COSG35715	16	67596310	67673086	16q22.1	y	n	endometrial, breast, head and neck cancer			E	Dom	TSG	Mis, N		n	Mental retardation, autosomal dominant 21	1	CTCF,ENSG00000102974.10,P49711,10664
CTNNA1	catenin alpha 1	COSG16116	5	137946656	138270723	5q31.2	y	y	AML, MDS, cutaneous melanoma	gastric cancer	Hereditary Diffuse Gastric Cancer Syndrome	E, L		TSG, fusion	D, Mis, N, T	RAF1	n		2	CTNNA1,ENSG00000044115.16,P35221,1495,CAP102
CTNNA2	catenin alpha 2	COSG6394	2	79412357	80875905	2p12	y	n	gastric cancer			E		oncogene	Mis, S		n		2	CTNNA2,ENSG00000066032.14,P26232,1496,CAP-R,CT114
CTNNB1	catenin beta 1	COSG39327	3	41236328	41301587	3p22.1	y	n	colorectal, ovarian,  hepatoblastoma, pleomorphic salivary gland adenoma, other tumour types			E, M, O	Dom	oncogene, fusion	Mis, O, T	PLAG1	n		1	CTNNB1,ENSG00000168036.12,P35222,1499,armadillo,beta-catenin
CTNND1	catenin delta 1	COSG6693	11	57520715	57587018	11q12.1	y	n	large intestine carcinoma			E			N		n		2	CTNND1,ENSG00000198561.8,O60716,1500,KIAA0384,p120,p120cas,p120ctn
CTNND2	catenin delta 2	COSG31692	5	10971952	11904155	5p15.2	y	n	prostate adenocarcinoma, GIST			E		oncogene	Mis		n		2	CTNND2,ENSG00000169862.14,Q9UQB3,1501,GT24,NPRAP
CUL3	cullin 3	COSG16384	2	225334867	225450110	2q36.2	y	n	lung cancer			E		TSG	N		n		2	CUL3,ENSG00000036257.8,Q13618,8452
CUX1	cut like homeobox 1	COSG34369	7	101458959	101927249	7q22.1	y	n	endometrial, melanoma, colorectal, AML, MDS, other tumour types			E,L,M,O	Dom	oncogene, TSG	N,F,S,Mis,O,T	CLDN7	n		1	CUX1,ENSG00000257923.5,P39880,1523,CASP,CDP,CDP/Cut,CDP/Cux,CDP1,CUT,CUX,Clox,Cux/CDP,GOLIM6
CXCR4	C-X-C motif chemokine receptor 4	COSG48523	2	136871919	136875735	2q22.1	y	n	WM			L	Dom	oncogene	Mis, N, F		n		1	CXCR4,ENSG00000121966.6,P61073,7852,CD184,D2S201E,HM89,HSY3RR,LESTR,NPY3R,NPYR,NPYY3R,fusin
CYLD	CYLD lysine 63 deubiquitinase	COSG48188	16	50775961	50835846	16q12.1	y	y	cylindroma	cylindroma	familial cylindromatosis, familial trichoepithelioma, Brooke-Spiegler syndrome	E	Rec	TSG	Mis, N, F, S		n		1	CYLD,ENSG00000083799.13,Q9NQC7,1540,KIAA0849,USPL2
CYP2C8	cytochrome P450 family 2 subfamily C member 8	COSG31125	10	96796530	96829254	10q23.33	y	n	melanoma			E			Mis		n		2	CYP2C8,ENSG00000138115.9,P10632,1558,CPC8
CYSLTR2	cysteinyl leukotriene receptor 2	COSG41636	13	49280951	49283498	13q14.2	y	n	uveal melanoma			E		oncogene	Mis		n		2	CYSLTR2,ENSG00000152207.3,Q9NS75,57105,CYSLT2R,CysLT(2)
DAXX	death domain associated protein	COSG57381	6	33286335	33297046	6p21.32	y	n	pancreatic neuroendocrine tumour, paediatric glioblastoma			E	Rec	oncogene, TSG	Mis, F, N		n		1	DAXX,ENSG00000204209.6,Q9UER7,1616,DAP6
DCAF12L2	DDB1 and CUL4 associated factor 12 like 2	COSG7186	X	125298337	125300080	Xq25	y	n	CRC			E			Mis		n		2	DCAF12L2,ENSG00000198354.4,Q5VW00,340578
DCC	DCC netrin 1 receptor	COSG31216	18	49866542	51057784	18q21.2	y	n	CRC, melanoma, SCC			E			Mis, N, D		n		2	DCC,ENSG00000187323.7,P43146,1630,IGDCC1,NTN1R1
DCTN1	dynactin subunit 1	COSG26912	2	74588281	74619214	2p13.1	y	n	inflammatory myofibroblastic tumour, Spitzoid tumour			M	Dom	fusion	T	ALK, ROS1	y	Distal hereditary motor neuronopathy, susceptibility to amyotrophic lateral sclerosis, Perry syndrome	1	DCTN1,ENSG00000204843.8,Q14203,1639
DDB2	damage specific DNA binding protein 2	COSG37923	11	47236493	47260767	11p11.2	n	y		skin basal cell, skin squamous cell, melanoma	xeroderma pigmentosum (E)	E	Rec	oncogene, TSG	Mis, N		n		1	DDB2,ENSG00000134574.7,Q92466,1643,DDBB,FLJ34321,UV-DDB2,XPE
DDIT3	DNA damage inducible transcript 3	COSG30541	12	57910371	57914300	12q13.3	y	n	liposarcoma			M	Dom	oncogene, fusion	T	FUS, EWSR1	n		1	DDIT3,ENSG00000175197.6,P35638,1649,CHOP,CHOP10,GADD153
DDR2	discoidin domain receptor tyrosine kinase 2	COSG55429	1	162601163	162757190	1q23.3	y	n	squamous cell carcinoma, NSCLC			E	Dom	oncogene	Mis, N		y	Spondylometaepiphyseal dysplasia, short limb-hand type	1	DDR2,ENSG00000162733.12,Q16832,4921,TKT
DDX10	DEAD-box helicase 10	COSG40655	11	108535752	108811657	11q22.3	y	n	AML*			L	Dom	TSG, fusion	T	NUP98	n		1	DDX10,ENSG00000178105.5,Q13206,1662,Dbp4,HRH-J8
DDX3X	DEAD-box helicase 3 X-linked	COSG27619	X	41192651	41223725	Xp11.4	y	n	CLL, medulloblastoma			L, O		TSG	Mis, N, F		y	Mental retardation, X-linked 102	1	DDX3X,ENSG00000215301.5,O00571,1654,DBX,DDX14,HLP2
DDX5	DEAD-box helicase 5	COSG19855	17	62495734	62504317	17q23.3	y	n	prostate			E	Dom	oncogene, fusion	T	ETV4	n		1	DDX5,ENSG00000108654.7,P17844,1655,p68
DDX6	DEAD-box helicase 6	COSG49688	11	118620034	118661858	11q23.3	y	n	B-NHL			L	Dom	oncogene, fusion	T	IGH	n		1	DDX6,ENSG00000110367.7,P26196,1656,RCK
DEK	DEK proto-oncogene	COSG57109	6	18224099	18265054	6p22.3	y	n	AML			L	Dom	oncogene, fusion	T	NUP214	n		1	DEK,ENSG00000124795.10,P35659,7913,D6S231E
DGCR8	DGCR8, microprocessor complex subunit	COSG28730	22	20067755	20099400	22q11.21	y	n	Wilms tumour			O		oncogene	Mis		n		2	DGCR8,ENSG00000128191.9,Q8WYQ5,54487,DGCRK6,Gy1,pasha
DICER1	dicer 1, ribonuclease III	COSG46920	14	95552565	95624347	14q32.13	y	y	sex cord-stromal tumour, TGCT, embryonal rhabdomyosarcoma, pleuropulmonary blastoma, pituitary blastoma, Wilms tumour, thyroid cancer, other tumour types	pleuropulmonary blastoma	familial pleuropulmonary blastoma or DICER1 syndrome	E, M, O	Rec	TSG	Mis, F, N		n		1	DICER1,ENSG00000100697.10,Q9UPY3,23405,Dicer,HERNA,K12H4.8-LIKE,KIAA0928
DNAJB1	DnaJ heat shock protein family (Hsp40) member B1	COSG2438	19	14625582	14640582	19p13.12	y	n	fibrolamellar hepatocellular carcinoma			E	Dom	fusion	T	PRKACA	n		1	DNAJB1,ENSG00000132002.3,P25685,3337,Hsp40,RSPH16B,Sis1
DNM2	dynamin 2	COSG9642	19	10828755	10944164	19p13.2	y	n	T-ALL			L	Rec	TSG	F, N, S, Mis, O		y	Charcot-Marie-Tooth disease, centronuclear myopathy,  lethal congenital contracture syndrome 5	1	DNM2,ENSG00000079805.12,P50570,1785,CMT2M,CMTDI1,CMTDIB,DI-CMTB,DYN2,DYNII
DNMT3A	DNA methyltransferase 3 alpha	COSG27406	2	25455845	25565459	2p23.3	y	n	AML			L	Dom	TSG	Mis, F, N, S		n		1	DNMT3A,ENSG00000119772.12,Q9Y6K1,1788
DROSHA	drosha ribonuclease III	COSG29469	5	31400604	31532303	5p13.3	y	n	Wilms tumour, NSCLC, bladder carcinoma			E, O		TSG	A, Mis, N, F		n		1	DROSHA,ENSG00000113360.12,Q9NRR4,29102,Etohi2,HSA242976,RN3,RNASE3L
EBF1	EBF transcription factor 1	COSG3679	5	158122928	158526769	5q33.3	y	n	lipoma			M	Dom	TSG, fusion	T	HMGA2	n		1	EBF1,ENSG00000164330.12,Q9UH73,1879,COE1,OLF1
ECT2L	epithelial cell transforming 2 like	COSG44399	6	139117063	139225207	6q24.1	y	n	ETP ALL			L	Rec		N, S, Mis		n		2	ECT2L,ENSG00000203734.7,Q008S8,345930,ARHGEF32,FBXO49,LFDH
EED	embryonic ectoderm development	COSG29594	11	85955586	85989855	11q14.2	y	n	malignant peripheral nerve sheath tumours, MDS and related, lung adenocarcinoma			E, L		TSG	Mis, F		n		2	EED,ENSG00000074266.13,O75530,8726,HEED,WAIT-1
EGFR	epidermal growth factor receptor	COSG35617	7	55086714	55324313	7p11.2	y	y	glioma, NSCLC	NSCLC	familial lung cancer	E, O	Dom	oncogene	A, O, Mis		n		1	EGFR,ENSG00000146648.11,P00533,1956,ERBB1
EIF1AX	eukaryotic translation initiation factor 1A X-linked	COSG4608	X	20142636	20159962	Xp22.12	y	n	uveal melanoma, thyroid cancer (PDTC and ATC), low grade serous ovarian cancer			E			Mis, S		n		2	EIF1AX,ENSG00000173674.6,P47813,1964,eIF-1A,eIF-4C
EIF3E	eukaryotic translation initiation factor 3 subunit E	COSG13530	8	109213445	109447562	8q23.1	y	n	colorectal			E	Dom	TSG, fusion	T	RSPO3	n		1	EIF3E,ENSG00000104408.5,P60228,3646,eIF3-p48,eIF3e
EIF4A2	eukaryotic translation initiation factor 4A2	COSG44170	3	186500994	186507689	3q27.3	y	n	NHL			L	Dom	fusion	T	BCL6	n		1	EIF4A2,ENSG00000156976.10,Q14240,1974,BM-010,DDX2B,EIF4A
ELF3	E74 like ETS transcription factor 3	COSG41310	1	201977073	201986316	1q32.1	y	n	pancreatic cancer			E		TSG	Mis, N, F		n		2	ELF3,ENSG00000163435.11,P78545,1999,EPR-1,ERT,ESE-1
ELF4	E74 like ETS transcription factor 4	COSG6179	X	129198849	129244691	Xq26.1	y	n	AML			L	Dom	oncogene, TSG, fusion	T	ERG	n		1	ELF4,ENSG00000102034.12,Q99607,2000,ELFR,MEF
ELK4	ELK4, ETS transcription factor	COSG17952	1	205577071	205601090	1q32.1	y	n	prostate			E	Dom	oncogene, fusion	T	SLC45A3	n		1	ELK4,ENSG00000158711.9,P28324,2005,SAP1
ELL	elongation factor for RNA polymerase II	COSG6355	19	18553473	18632937	19p13.11	y	n	AL			L	Dom	TSG, fusion	T	KMT2A	n		1	ELL,ENSG00000105656.8,P55199,8178,ELL1,Men,PPP1R68
ELN	elastin	COSG42330	7	73442119	73484237	7q11.23	y	n	B-ALL			L	Dom	fusion	T	PAX5	y	Supravalvular Aortic Stenosis, Cutis laxa , Williams-Beuren Syndrome	2	ELN,ENSG00000049540.12,P15502,2006,SVAS,WBS,WS
EML4	echinoderm microtubule associated protein like 4	COSG2934	2	42396490	42559688	2p21	y	n	NSCLC			E	Dom	fusion	T	ALK	n		1	EML4,ENSG00000143924.14,Q9HC35,27436,ELP120,ROPP120
EP300	E1A binding protein p300	COSG39791	22	41487790	41576081	22q13.2	y	n	colorectal, breast, pancreatic, AML, ALL, DLBCL			L, E	Rec	TSG, fusion	T,  N, F, Mis, O	KMT2A, KAT6A	n		1	EP300,ENSG00000100393.9,Q09472,2033,KAT3B,p300
EPAS1	endothelial PAS domain protein 1	COSG13713	2	46520806	46613836	2p21	y	n	paraganglioma, pheochromocytoma, central nervous system hemangioblastomas			E, M	Dom	oncogene, TSG	Mis		y	type 3 familial erythrocytosis	1	EPAS1,ENSG00000116016.9,Q99814,2034,HIF2A,HLF,MOP2,PASD2,bHLHe73
EPHA3	EPH receptor A3	COSG52268	3	89156674	89531284	3p11.1	y	n	lung cancer, CRC, melanoma			E			Mis		n		2	EPHA3,ENSG00000044524.6,P29320,2042,HEK,HEK4
EPHA7	EPH receptor A7	COSG38341	6	93949738	94129265	6q16.1	y	n	CRC, melanoma			E			Mis		n		2	EPHA7,ENSG00000135333.9,Q15375,2045,Hek11
EPS15	epidermal growth factor receptor pathway substrate 15	COSG44	1	51819935	51985000	1p32.3	y	n	ALL			L	Dom	TSG, fusion	T	KMT2A	n		1	EPS15,ENSG00000085832.12,P42566,2060,AF-1P,MLLT5
ERBB2	erb-b2 receptor tyrosine kinase 2	COSG18133	17	37844167	37886679	17q12	y	n	breast, ovarian, other tumour types, NSCLC, gastric			E	Dom	oncogene, fusion	A, Mis, O, T		n		1	ERBB2,ENSG00000141736.9,P04626,2064,CD340,HER-2,HER2,NEU
ERBB3	erb-b2 receptor tyrosine kinase 3	COSG41280	12	56473641	56497289	12q13.2	y	n	colon, gastric, head and neck, bladder, skin			E	Dom	oncogene	Mis, N		n		1	ERBB3,ENSG00000065361.10,P21860,2065,HER3
ERBB4	erb-b2 receptor tyrosine kinase 4	COSG41241	2	212240446	213403565	2q34	y	y	melanoma, gastric, NSCLC			E	Dom	oncogene, TSG	Mis, N		y	Amyotrophic lateral sclerosis 19	1	ERBB4,ENSG00000178568.9,Q15303,2066,ALS19,HER4
ERC1	ELKS/RAB6-interacting/CAST family member 1	COSG34019	12	1099675	1605099	12p13.33	y	n	papillary thyroid, Spitzoid tumour			E	Dom	fusion	T	RET, ROS1	n		1	ERC1,ENSG00000082805.15,Q8IUD2,23085,CAST2,ELKS,KIAA1081,MGC12974
ERCC2	ERCC excision repair 2, TFIIH core complex helicase subunit	COSG21538	19	45853095	45874176	19q13.32	n	y		skin basal cell, skin squamous cell, melanoma	xeroderma pigmentosum (D)	E	Rec	TSG	Mis, N, F, S		n		1	ERCC2,ENSG00000104884.10,P18074,2068,EM9,MAG,MGC102762,MGC126218,MGC126219,TFIIH
ERCC3	ERCC excision repair 3, TFIIH core complex helicase subunit	COSG7389	2	128014866	128051752	2q14.3	n	y		skin basal cell, skin squamous cell, melanoma	xeroderma pigmentosum (B)	E	Rec	TSG	Mis, S		n		1	ERCC3,ENSG00000163161.8,P19447,2071,BTF2,GTF2H,RAD25,TFIIH,XPB
ERCC4	ERCC excision repair 4, endonuclease catalytic subunit	COSG29246	16	14014014	14046202	16p13.12	n	y		skin basal cell, skin squamous cell, melanoma	xeroderma pigmentosum (F)	E	Rec	TSG	Mis, N, F		n		1	ERCC4,ENSG00000175595.10,Q92889,2072,FANCQ,RAD1
ERCC5	ERCC excision repair 5, endonuclease	COSG22547	13	103497194	103528345	13q33.1	n	y		skin basal cell, skin squamous cell, melanoma	xeroderma pigmentosum (G)	E	Rec	TSG	Mis, N, F		n		1	ERCC5,ENSG00000134899.13,P28715,2073
ERG	ETS transcription factor ERG	COSG51295	21	39751949	40033704	21q22.2	y	n	Ewing sarcoma, prostate, AML			M, E, L	Dom	oncogene, fusion	T, A	EWSR1, TMPRSS2, ELF4, FUS, HERPUD1, NDRG1	n		1	ERG,ENSG00000157554.14,P11308,2078,erg-3,p55
ESR1	estrogen receptor 1	COSG44203	6	151977826	152450754	6q25.1	y	n	breast			E	Dom	oncogene, TSG, fusion	Mis, T		n		1	ESR1,ENSG00000091831.17,P03372,2099,ER-alpha,Era,NR3A1
ETNK1	ethanolamine kinase 1	COSG13201	12	22778009	22843599	12p12.1	y	n	aCML, CMML, SM-AHD, HES			L	Dom	TSG	Mis		n		1	ETNK1,ENSG00000139163.11,Q9HBU6,55500,EKI,EKI1
ETV1	ETS variant 1	COSG9899	7	13930853	14031050	7p21.2	y	n	Ewing sarcoma, prostate			M, E	Dom	oncogene, fusion	T	EWSR1, TMPRSS2, SLC45A3, HMGN2P46, HNRNPA2B1. ACSL3	n		1	ETV1,ENSG00000006468.9,P50549,2115,ER81
ETV4	ETS variant 4	COSG16739	17	41605212	41656988	17q21.31	y	n	Ewing sarcoma, prostate carcinoma			M, E	Dom	oncogene, fusion	T	EWSR1, TMPRSS2, DDX5, KLK2, CANT1	n		1	ETV4,ENSG00000175832.8,P43268,2118,E1A-F,E1AF,PEA3
ETV5	ETS variant 5	COSG11038	3	185764097	185828107	3q27.2	y	n	prostate			E	Dom	oncogene, fusion	T	TMPRSS2, SCL45A3	n		1	ETV5,ENSG00000244405.3,P41161,2119,ERM
ETV6	ETS variant 6	COSG54902	12	11802788	12048336	12p13.2	y	n	congenital fibrosarcoma, multiple different leukaemia and lymphoma tumour types including ALL, secretory breast, MDS			L, E, M	Dom	TSG, fusion	T	NTRK3, RUNX1, PDGFRB, ABL1, MN1, ABL2, ACSL6, CHIC2, ARNT, JAK2, MECOM, CDX2, RNF217-AS1, MNX1, MDS2, PER1, SYK, TTL, FGFR3, PAX5	n		1	ETV6,ENSG00000139083.6,P41212,2120,TEL
EWSR1	EWS RNA binding protein 1	COSG6231	22	29663998	29696515	22q12.2	y	n	Ewing sarcoma, desmoplastic small round cell tumour , ALL, clear cell sarcoma, sarcoma, myoepithelioma, mesothelioma			L, M, E	Dom	oncogene, fusion	T	FLI1, ERG, NR4A3, FEV, ATF1, ETV1, ETV4, WT1, ZNF384, CREB1, POU5F1,  PBX1, NFATC1, NFATC2, DDIT3, PATZ1, SMARCA5, SP3, ZNF444, YY1	n		1	EWSR1,ENSG00000182944.13,Q01844,2130,EWS
EXT1	exostosin glycosyltransferase 1	COSG17370	8	118806729	119124092	8q24.11	n	y		exostoses, osteosarcoma	multiple exostoses type 1	M	Rec	TSG, fusion	Mis, N, F, S, T		n		1	EXT1,ENSG00000182197.6,Q16394,2131,ttv
EXT2	exostosin glycosyltransferase 2	COSG19157	11	44117099	44266979	11p11.2	n	y		exostoses, osteosarcoma	multiple exostoses type 2	M	Rec	TSG	Mis, N, F, S		n		1	EXT2,ENSG00000151348.9,Q93063,2132,SOTV
EZH2	enhancer of zeste 2 polycomb repressive complex 2 subunit	COSG56026	7	148504475	148581413	7q36.1	y	n	DLBCL			L	Dom	oncogene, TSG	Mis		n		1	EZH2,ENSG00000106462.6,Q15910,2146,ENX-1,EZH1,KMT6,KMT6A
EZR	ezrin	COSG45217	6	159186773	159240444	6q25.3	y	n	NSCLC			E	Dom	fusion	T	ROS1	n		1	EZR,ENSG00000092820.13,P15311,7430
FADD	Fas associated via death domain	COSG29842	11	70049269	70053496	11q13.3	y	n	breast cancer, HNSCC			E, L			A		n		2	FADD,ENSG00000168040.4,Q13158,8772,GIG3,MORT1
FAM131B	family with sequence similarity 131 member B	COSG7696	7	143050493	143059863	7q34	y	n	pilocytic astrocytoma			O	Dom	fusion	T	BRAF	n		2	FAM131B,ENSG00000159784.13,Q86XD5,9715,KIAA0773
FAM135B	family with sequence similarity 135 member B	COSG11392	8	139142266	139509065	8q24.23	y	n	SCLC			E			Mis		n		2	FAM135B,ENSG00000147724.7,Q49AJ0,51059,C8ORFK32
FAM47C	family with sequence similarity 47 member C	COSG24609	X	37026432	37029739	Xp21.1	y	n	melanoma, clear cell sarcoma of soft parts, SCLC			E, M			Mis		n		2	FAM47C,ENSG00000198173.3,Q5HY64,442444
FANCA	FA complementation group A	COSG117	16	89803957	89883065	16q24.3	n	y		AML, leukaemia	Fanconi anaemia A	L	Rec	TSG	D, Mis, N, F, S		n		1	FANCA,ENSG00000187741.10,O15360,2175,FA-H,FAA,FAH
FANCC	FA complementation group C	COSG4466	9	97861336	98079991	9q22.32	n	y		AML, leukaemia	Fanconi anaemia C	L	Rec	TSG	D, Mis, N, F, S		n		1	FANCC,ENSG00000158169.7,Q00597,2176,FA3,FAC
FANCD2	FA complementation group D2	COSG39808	3	10068098	10143614	3p25.3	n	y		AML, leukaemia	Fanconi anaemia D2	L	Rec	TSG	D, Mis, N, F		n		1	FANCD2,ENSG00000144554.6,Q9BXW9,2177,FA-D2,FAD
FANCE	FA complementation group E	COSG53607	6	35420138	35434880	6p21.31	n	y		AML, leukaemia	Fanconi anaemia E	L	Rec	TSG	N, F, S		n		1	FANCE,ENSG00000112039.3,Q9HB96,2178,FAE
FANCF	FA complementation group F	COSG30376	11	22644079	22647387	11p14.3	n	y		AML, leukaemia	Fanconi anaemia F	L	Rec	TSG	N, F		n		1	FANCF,ENSG00000183161.3,Q9NPI8,2188,FAF
FANCG	FA complementation group G	COSG45854	9	35073832	35080013	9p13.3	n	y		AML, leukaemia	Fanconi anaemia G	L	Rec	TSG	Mis, N, F, S		n		1	FANCG,ENSG00000221829.5,O15287,2189,FAG
FANCI	FA complementation group I	COSG37873	15	89787180	89860492	15q26.1	n	y		prostate cancer		E		TSG	F, N		n		1	FANCI,ENSG00000140525.13,Q9NVI1,55215,FLJ10719
FANCM	FA complementation group M	COSG7518	14	45605143	45670093	14q21.2	n	y		triple-negative breast cancer		E		TSG	N		n		1	FANCM,ENSG00000187790.6,Q8IYD8,57697,FAAP250
FAS	Fas cell surface death receptor	COSG2798	10	90750414	90775542	10q23.31	y	n	TGCT, nasal NK/T lymphoma, skin squamous cell carcinoma-burn scar related			L, E, O	Rec	TSG	Mis		y	Autoimmune lymphoproliferative syndrome	1	FAS,ENSG00000026103.15,P25445,355,APO-1,CD95
FAT1	FAT atypical cadherin 1	COSG28542	4	187508937	187647876	4q35.2	y	y	oral squamous cell, chemorefractory CLL, head and neck, pancreatic acinar cell carcinoma	pancreatic		E, L		TSG	Mis, N, F, S		n		1	FAT1,ENSG00000083857.9,Q14517,2195,CDHF7,CDHR8
FAT3	FAT atypical cadherin 3	COSG45659	11	92085262	92629618	11q14.3	y	n	SCC, colon adenocarcinoma, gastric adenocarcinoma			E			Mis		n		2	FAT3,ENSG00000165323.11,Q8TDW7,120114,CDHF15,CDHR10,KIAA1989
FAT4	FAT atypical cadherin 4	COSG46892	4	126237554	126414087	4q28.1	y	n	lymphoma, pancreatic, head and neck, melanoma, hepatocellular carcinoma			E, L		TSG	Mis, N		y	Hennekam lymphangiectasia-lymphedema syndrome 2, Van Maldergem syndrome 2 	1	FAT4,ENSG00000196159.7,Q6V0I7,79633,CDHF14,CDHR11,FAT-J
FBLN2	fibulin 2	COSG7307	3	13573824	13679922	3p25.1	y	n	breast cancer, colorectal adenocarcinoma			E		TSG	Mis, S		n		2	FBLN2,ENSG00000163520.9,P98095,2199
FBXO11	F-box protein 11	COSG56673	2	48016455	48132932	2p16.3	y	n	DLBCL			L	Rec	TSG	Mis, F, D		n		1	FBXO11,ENSG00000138081.15,Q86XK2,80204,FBX11,UBR6
FBXW7	F-box and WD repeat domain containing 7	COSG52497	4	153242410	153457253	4q31.3	y	n	colorectal, endometrial, T-ALL			E, L	Rec	TSG	Mis, N, D, F		n		1	FBXW7,ENSG00000109670.9,Q969H0,55294,AGO,CDC4,FBW7,FBX30,FBXW6,FLJ11071,SEL-10,SEL10
FCGR2B	Fc fragment of IgG receptor IIb	COSG12133	1	161551101	161648444	1q23.3	y	n	ALL			L	Dom	oncogene, fusion	T	?	n		1	FCGR2B,ENSG00000072694.14,P31994,2213,CD32,CD32B
FCRL4	Fc receptor like 4	COSG50931	1	157543539	157567870	1q23.1	y	n	B-NHL			L	Dom	oncogene, fusion	T	IGH	n		1	FCRL4,ENSG00000163518.6,Q96PJ5,83417,CD307d,FCRH4,IGFP2,IRTA1
FEN1	flap structure-specific endonuclease 1	COSG14110	11	61560109	61564716	11q12.2	n	y		breast cancer		E		TSG			n		2	FEN1,ENSG00000168496.3,P39748,2237,FEN-1,MF1
FES	FES proto-oncogene, tyrosine kinase	COSG52852	15	91426925	91439006	15q26.1	y	n	HNSCC, ovarian carcinoma			E		oncogene, TSG	Mis, F		n		1	FES,ENSG00000182511.7,P07332,2242,FPS
FEV	FEV, ETS transcription factor	COSG48316	2	219845809	219850379	2q35	y	n	Ewing sarcoma			M	Dom	oncogene, fusion	T	EWSR1,  FUS	n		1	FEV,ENSG00000163497.2,Q99581,54738,Pet-1
FGFR1	fibroblast growth factor receptor 1	COSG54233	8	38268656	38326352	8p11.23	y	n	MPN, NHL, salivary adenoma			L	Dom	oncogene, fusion	T	BCR, FOP, ZMYM2, CNTRL, PLAG1	y	Pfeiffer syndrome, Kallman syndrome	1	FGFR1,ENSG00000077782.15,P11362,2260,BFGFR,CD331,CEK,FLG,H2,H3,H4,H5,N-SAM
FGFR1OP	FGFR1 oncogene partner	COSG939	6	167412670	167466201	6q27	y	n	MPN, NHL			L	Dom	fusion	T	FGFR1	n		1	FGFR1OP,ENSG00000213066.7,O95684,11116,FOP
FGFR2	fibroblast growth factor receptor 2	COSG55841	10	123237848	123357972	10q26.13	y	n	gastric, NSCLC, endometrial			E	Dom	oncogene, fusion	Mis, T		y	Crouzon, Pfeiffer, and Apert syndromes	1	FGFR2,ENSG00000066468.16,P21802,2263,CD332,CEK3,ECT1,K-SAM,TK14,TK25
FGFR3	fibroblast growth factor receptor 3	COSG22028	4	1795034	1810599	4p16.3	y	n	bladder, MM, T-cell lymphoma			L, E	Dom	oncogene, fusion	Mis, T	IGH, ETV6	y	Hypochondroplasia, Thanatophoric dysplasia	1	FGFR3,ENSG00000068078.13,P22607,2261,CD333,CEK2,JTK4
FGFR4	fibroblast growth factor receptor 4	COSG43572	5	176513887	176525145	5q35.2	y	n	rhabdomyosarcoma			M	Dom	oncogene	Mis		n		1	FGFR4,ENSG00000160867.10,P22455,2264,CD334,JTK2
FH	fumarate hydratase	COSG35989	1	241660903	241683061	1q43	y	y	cutaneous leiomyoma, RCC, uterine leiomyoma	cutaneous leiomyoma, pheochromocytoma and paraganglioma, RCC, uterine leiomyoma	hereditary leiomyomatosis and renal cell cancer	E, O	Rec	TSG	Mis, N, F		n		1	FH,ENSG00000091483.6,P07954,2271
FHIT	fragile histidine triad	COSG13762	3	59735036	61237133	3p14.2	y	n	pleomorphic salivary gland adenoma			E	Dom	TSG, fusion	T	HMGA2	n		1	FHIT,ENSG00000189283.5,P49789,2272,AP3Aase,FRA3B
FIP1L1	factor interacting with PAPOLA and CPSF1	COSG2138	4	54243810	55161439	4q12	y	n	idiopathic hypereosinophilic syndrome			L	Dom	fusion	T	PDGFRA	n		1	FIP1L1,ENSG00000145216.11,Q6UN15,81608,DKFZp586K0717,FIP1
FKBP9	FKBP prolyl isomerase 9	COSG55764	7	32997017	33046543	7p14.3	y	n	glioma			O			Mis		n		2	FKBP9,ENSG00000122642.6,O95302,11328,FKBP60,FKBP63
FLCN	folliculin	COSG31428	17	17115526	17140502	17p11.2	n	y		renal, fibrofolliculomas, trichodiscomas	Birt-Hogg-Dube syndrome	E, M	Rec	TSG	Mis. N, F		n		1	FLCN,ENSG00000154803.8,Q8NFG4,201163,BHD,MGC17998,MGC23445
FLI1	Fli-1 proto-oncogene, ETS transcription factor	COSG27750	11	128556430	128683162	11q24.3	y	n	Ewing sarcoma			M	Dom	oncogene, fusion	T	EWSR1	n		1	FLI1,ENSG00000151702.12,2313,EWSR2,SIC-1
FLNA	filamin A	COSG40763	X	153576892	153603006	Xq28	y	n	phyllodes tumour of the breast			E			Mis, F, O		n		2	FLNA,ENSG00000196924.10,P21333,2316,ABP-280
FLT3	fms related tyrosine kinase 3	COSG1417	13	28577411	28674729	13q12.2	y	n	AML, ALL			L	Dom	oncogene	Mis, O		n		1	FLT3,ENSG00000122025.10,P36888,2322,CD135,FLK2,STK1
FLT4	fms related tyrosine kinase 4	COSG5045	5	180028506	180076624	5q35.3	y	n	soft tissue sarcoma			M	Dom	oncogene	A		n		1	FLT4,ENSG00000037280.11,P35916,2324,PCL,VEGFR3
FNBP1	formin binding protein 1	COSG30397	9	132649466	132805473	9q34.11	y	n	AML			L	Dom	fusion	T	KMT2A	n		2	FNBP1,ENSG00000187239.12,Q96RU3,23048,FBP17,KIAA0554
FOXA1	forkhead box A1	COSG41689	14	38059189	38069245	14q21.1	y	n	breast, prostate			E	Dom	oncogene	Mis, F		n		1	FOXA1,ENSG00000129514.4,P55317,3169
FOXL2	forkhead box L2	COSG8856	3	138663066	138665982	3q22.3	y	n	granulosa-cell tumour of the ovary			O	Dom	oncogene, TSG	Mis		y	Blepharophimosis, ptosis and epicanthus inversus Types I, II; Premature ovarian failure type III	1	FOXL2,ENSG00000183770.5,P58012,668,BPES1
FOXO1	forkhead box O1	COSG38062	13	41129804	41240734	13q14.11	y	n	alveolar rhabdomyosarcoma			M	Dom	oncogene, TSG, fusion	T	PAX3, PAX7	n		1	FOXO1,ENSG00000150907.6,Q12778,2308,FKH1
FOXO3	forkhead box O3	COSG17224	6	108881038	109005977	6q21	y	n	AL			L	Dom	oncogene, TSG, fusion	T	KMT2A	n		1	FOXO3,ENSG00000118689.10,O43524,2309,AF6q21,FOXO2
FOXO4	forkhead box O4	COSG33973	X	70316047	70323385	Xq13.1	y	n	AL, soft tissue sarcoma			L, M	Dom	oncogene, TSG, fusion	T	KMT2A, CIC	n		1	FOXO4,ENSG00000184481.12,P98177,4303,AFX1
FOXP1	forkhead box P1	COSG46248	3	71003844	71633140	3p13	y	n	ALL			L	Dom	oncogene, fusion	T	PAX5	n		1	FOXP1,ENSG00000114861.14,27086,12CC4,HSPC215,QRF1,hFKH1B
FOXR1	forkhead box R1	COSG29251	11	118842417	118852001	11q23.3	y	n	neuroblastoma			O		oncogene, fusion	T		n		2	FOXR1,ENSG00000176302.8,Q6PIV2,283150,DLNB13,FOXN5
FSTL3	follistatin like 3	COSG23801	19	676392	683385	19p13.3	y	n	B-CLL			L	Dom	oncogene, fusion	T	CCND1	n		1	FSTL3,ENSG00000070404.5,O95633,10272,FLRG,FSRP
FUBP1	far upstream element binding protein 1	COSG45295	1	78409740	78444794	1p31.1	y	n	oligodendroglioma			O	Rec	oncogene	F, N		n		1	FUBP1,ENSG00000162613.12,Q96AE4,8880,FBP
FUS	FUS RNA binding protein	COSG44116	16	31191431	31203127	16p11.2	y	n	liposarcoma, AML, Ewing sarcoma, angiomatoid fibrous histiocytoma, fibromyxoid sarcoma			M, L	Dom	TSG, fusion	T	DDIT3, ERG, FEV, ATF1, CREB3L2, CREB3L1, NFATC2	n		1	FUS,ENSG00000089280.14,P35637,2521,FUS1,HNRNPP2,TLS,hnRNP-P2
GAS7	growth arrest specific 7	COSG5576	17	9813926	10101868	17p13.1	y	n	AML*			L	Dom	fusion	T	KMT2A	n		1	GAS7,ENSG00000007237.14,O60861,8522,KIAA0394,MGC1348
GATA1	GATA binding protein 1	COSG10133	X	48644962	48652716	Xp11.23	y	n	megakaryoblastic leukaemia of Downs syndrome			L	Dom	oncogene, TSG	Mis, F		n		1	GATA1,ENSG00000102145.9,P15976,2623,ERYF1,GATA-1,NF-E1,NFE1
GATA2	GATA binding protein 2	COSG43557	3	128198270	128212028	3q21.3	y	n	AML (CML blast transformation)			L	Dom	oncogene	Mis		n		1	GATA2,ENSG00000179348.7,P23769,2624,NFE1B
GATA3	GATA binding protein 3	COSG14420	10	8095567	8117161	10p14	y	n	breast			E	Rec	oncogene, TSG	F, N, S		y	HDR syndrome (hypoparathyroidism, sensorineural deafness, and renal disease)	1	GATA3,ENSG00000107485.11,P23771,2625,HDR
GLI1	GLI family zinc finger 1	COSG27252	12	57853918	57866045	12q13.3	y	n	CRC, oesophagus cancer			E		oncogene, fusion	T, F		y	IBD	2	GLI1,ENSG00000111087.5,P08151,2735
GMPS	guanine monophosphate synthase	COSG541	3	155588325	155661815	3q25.31	y	n	AML			L	Dom	fusion	T	KMT2A	n		2	GMPS,ENSG00000163655.11,P49915,8833,GATD7
GNA11	G protein subunit alpha 11	COSG17168	19	3094408	3124002	19p13.3	y	n	uveal melanoma, primary central nervous system melanocytic neoplasms			E, O	Dom	oncogene	Mis		n		1	GNA11,ENSG00000088256.4,P29992,2767,FBH,FBH2,FHH2
GNA13	G protein subunit alpha 13	COSG38485	17	63006833	63052957	17q24.1	y	n	Burkitt Lymphoma, DLBCL			L		TSG	N, F, Mis		n		1	GNA13,ENSG00000120063.5,Q14344,10672,G13,MGC46138
GNAQ	G protein subunit alpha q	COSG19179	9	80331003	80646374	9q21.2	y	n	uveal melanoma, primary central nervous system melanocytic neoplasms			E, O	Dom	oncogene	Mis		n		1	GNAQ,ENSG00000156052.6,P50148,2776,G-ALPHA-q,GAQ
GNAS	GNAS complex locus	COSG23309	20	57414773	57486247	20q13.32	y	n	pituitary adenoma, pancreatic intraductal papillary mucinous neoplasm, fibrous dysplasia			E, M	Dom	oncogene	Mis		y	McCune-Albright syndrome; pseudohypoparathyroidism, type IA	1	GNAS,ENSG00000087460.19,Q5JWF2,2778,GNASXL,GPSA,NESP,NESP55,SCG6,SgVI
GOLGA5	golgin A5	COSG4110	14	93260576	93306308	14q32.12	y	n	papillary thyroid, Spitzoid tumour			E	Dom	fusion	T	RET	n		1	GOLGA5,ENSG00000066455.8,Q8TBA6,9950,GOLIM5,golgin-84,ret-II,rfg5
GOLPH3	golgi phosphoprotein 3	COSG24972	5	32124810	32174456	5p13.3	y	n	breast cancer, NSCLC, ovarian cancer			E			A		n		2	GOLPH3,ENSG00000113384.9,Q9H4A6,64083,GOPP1,GPP34,MIDAS,Vps74
GOPC	golgi associated PDZ and coiled-coil motif containing	COSG5602	6	117639374	117923691	6q22.1	y	n	glioblastoma, cholangiocarcinoma, borderline ovarian			E, O	Dom	fusion	T	ROS1	n		1	GOPC,ENSG00000047932.9,Q9HD26,57120,CAL,FIG,GOPC1,PIST,dJ94G16.2
GPC3	glypican 3	COSG5212	X	132669773	133119922	Xq26.2	n	y		Wilms tumour	Simpson-Golabi-Behmel syndrome	O	Rec/X	oncogene, TSG	D, Mis, N, F, S		n		1	GPC3,ENSG00000147257.9,P51654,2719,DGSX,OCI-5,SGB,SGBS,SGBS1
GPC5	glypican 5	COSG38582	13	92050929	93519490	13q31.3	y	n	lung adenocarcinoma			E		TSG	D		n		2	GPC5,ENSG00000179399.9,P78333,2262
GPHN	gephyrin	COSG2158	14	66974125	67648520	14q23.3	y	n	AL			L	Dom	fusion	T	KMT2A	n		1	GPHN,ENSG00000171723.11,Q9NQX3,10243,KIAA1385
GRIN2A	glutamate ionotropic receptor NMDA type subunit 2A	COSG28306	16	9852376	10276611	16p13.2	y	n	melanoma, colorectal carcinoma, gastric carcinoma, lung carcinoma			E	Rec	TSG	Mis, N, F, O		y	Focal epilepsy and speech disorder with or without mental retardation	1	GRIN2A,ENSG00000183454.9,Q12879,2903,GluN2A
GRM3	glutamate metabotropic receptor 3	COSG3206	7	86273230	86494200	7q21.12	y	n	melanoma, oral SCC			E		oncogene	Mis, A		n		2	GRM3,ENSG00000198822.6,Q14832,2913,GPRC1C,MGLUR3,mGlu3
GSK3B	glycogen synthase kinase 3 beta	COSG28285	3	119540170	119813264	3q13.33	y	n	endometrial cancer			E			F, Mis, N		n		2	GSK3B,ENSG00000082701.10,P49841,2932
GTF2I	general transcription factor IIi	COSG47290	7	74071994	74175026	7q11.23	y	n	thymoma			E			Mis		n	Williams-Beuren syndrome	2	GTF2I,ENSG00000077809.8,P78347,2969,BAP-135,BTKAP1,DIWS,IB291,SPIN,TFII-I
H3F3A	H3 histone family member 3A	COSG50976	1	226249552	226259702	1q42.12	y	n	glioma			O	Dom	oncogene	Mis		n		1	H3F3A,ENSG00000163041.5,P84243,3020,H3.3A
H3F3B	H3 histone family member 3B	COSG50130	17	73772515	73781974	17q25.1	y	n	chondroblastoma			M	Dom	oncogene	Mis		n		1	H3F3B,ENSG00000132475.4,P84243,3020,H3.3B
HERPUD1	homocysteine inducible ER protein with ubiquitin like domain 1	COSG22776	16	56965960	56977798	16q13	y	n	prostate			E	Dom	fusion	T	ERG	n		1	HERPUD1,ENSG00000051108.10,Q15011,9709,HERP,KIAA0025,Mif1,SUP
HEY1	hes related family bHLH transcription factor with YRPW motif 1	COSG51186	8	80676245	80680098	8q21.13	y	n	mesenchymal chondrosarcoma			M	Dom	oncogene, fusion	T	NCOA2	n		1	HEY1,ENSG00000164683.12,Q9Y5J3,23462,CHF-2,CHF2,HERP2,HESR-1,HESR1,HRT-1,bHLHb31
HGF	hepatocyte growth factor	COSG24086	7	81328322	81399754	7q21.11	y	n	breast cancer, lung cancer, multiple myeloma			E, M		oncogene, fusion	A, F, Mis, N, T	CACNA2D1	n		1	HGF,ENSG00000019991.11,P14210,3082,F-TCF,HGFB,HPTA,SF
HIF1A	hypoxia inducible factor 1 subunit alpha	COSG52650	14	62162231	62214976	14q23.2	y	n	endometrioid carcinoma, glioblastoma, colorectal, renal, lung, pancreatic			E, O	Dom	oncogene	Mis, F, N		n		1	HIF1A,ENSG00000100644.12,Q16665,3091,HIF-1alpha,HIF1,MOP1,PASD8,bHLHe78
HIP1	huntingtin interacting protein 1	COSG57584	7	75162621	75368280	7q11.23	y	n	CMML, NSCLC			L, E	Dom	oncogene, fusion	T	PDGFRB, ALK	n		1	HIP1,ENSG00000127946.12,O00291,3092,ILWEQ
HIST1H3B	histone cluster 1 H3 family member b	COSG47948	6	26031817	26032288	6p22.2	y	n	glioma			O	Dom	oncogene	Mis		n		1	HIST1H3B,ENSG00000124693.2,P68431,8350,H3/l
HIST1H4I	histone cluster 1 H4 family member i	COSG47607	6	27107076	27108418	6p22.1	y	n	NHL			L	Dom	fusion	T	BCL6	n		1	HIST1H4I,ENSG00000198339.3,P62805,8294,H4/m
HLA-A	major histocompatibility complex, class I, A	COSG40140	6	29909037	29913661	6p22.1	y	n	Spitzoid tumour			E	Dom	fusion	T	ROS1	y	Carbamazepine-induced hypersensitivity syndrome	1	HLA-A,ENSG00000206503.7,P04439,P13746,P16188,3105
HLF	HLF, PAR bZIP transcription factor	COSG17541	17	53342373	53402426	17q22	y	n	ALL			L	Dom	oncogene, fusion	T	TCF3	n		1	HLF,ENSG00000108924.9,Q16534,3131,MGC33822
HMGA1	high mobility group AT-hook 1	COSG15253	6	34204650	34214008	6p21.31	y	n	microfollicular thyroid adenoma, various benign mesenchymal tumours			E, M	Dom	oncogene, fusion	T	?	n		1	HMGA1,ENSG00000137309.15,P17096,3159
HMGA2	high mobility group AT-hook 2	COSG44079	12	66217911	66360075	12q14.3	y	n	lipoma, leiomyoma, pleomorphic salivary gland adenoma			M	Dom	oncogene, fusion	T	LHFP, RAD51B, LPP, COX6C, ACKR3, NFIB, ALDH2, CCNB1IP1, EBF1, WIF1, FHIT	n		1	HMGA2,ENSG00000149948.9,P52926,8091,BABL,LIPO
HMGN2P46	high mobility group nucleosomal binding domain 2 pseudogene 46	COSG47714	15	45803334	45878488	15q21.1	y	n	prostate			E	Dom	fusion	T	ETV1	n		2	HMGN2P46,ENSG00000179362.10,283651,D-PCa-2,FLJ39426
HNF1A	HNF1 homeobox A	COSG32579	12	121416346	121440315	12q24.31	y	y	hepatic adenoma, hepatocellular	hepatic adenoma, hepatocellular carcinoma	familial hepatic adenoma	E	Rec	TSG	Mis, F		y	Maturity-onset diabetes of the young, TYPE III	1	HNF1A,ENSG00000135100.13,6927,HNF1,LFB1
HNRNPA2B1	heterogeneous nuclear ribonucleoprotein A2/B1	COSG42841	7	26229547	26241149	7p15.2	y	n	prostate			E	Dom	oncogene, fusion	T	ETV1	n		1	HNRNPA2B1,ENSG00000122566.16,P22626,3181
HOOK3	hook microtubule tethering protein 3	COSG53579	8	42752075	42885682	8p11.21	y	n	papillary thyroid			E	Dom	fusion	T	RET	n		1	HOOK3,ENSG00000168172.4,Q86VS8,84376,HK3
HOXA11	homeobox A11	COSG7362	7	27221129	27224842	7p15.2	y	n	CML			L	Dom	oncogene, TSG, fusion	T	NUP98	n		1	HOXA11,ENSG00000005073.5,P31270,3207
HOXA13	homeobox A13	COSG34718	7	27233122	27239725	7p15.2	y	n	AML			L	Dom	oncogene, fusion	T	NUP98	n		1	HOXA13,ENSG00000106031.6,P31271,3209
HOXA9	homeobox A9	COSG2114	7	27202054	27210117	7p15.2	y	n	AML*			L	Dom	oncogene, TSG, fusion	T	NUP98, MSI2	n		1	HOXA9,ENSG00000078399.11,P31269,3205
HOXC11	homeobox C11	COSG5734	12	54366910	54371427	12q13.13	y	n	AML			L	Dom	oncogene, fusion	T	NUP98	n		1	HOXC11,ENSG00000123388.4,O43248,3227
HOXC13	homeobox C13	COSG9047	12	54332535	54340328	12q13.13	y	n	AML			L	Dom	oncogene, fusion	T	NUP98	n		1	HOXC13,ENSG00000123364.3,P31276,3229
HOXD11	homeobox D11	COSG3524	2	176968944	176974722	2q31.1	y	n	AML			L	Dom	oncogene, fusion	T	NUP98	n		1	HOXD11,ENSG00000128713.11,P31277,3237
HOXD13	homeobox D13	COSG2804	2	176957619	176960666	2q31.1	y	n	AML*			L	Dom	oncogene, fusion	T	NUP98	n		1	HOXD13,ENSG00000128714.5,P35453,3239
HRAS	HRas proto-oncogene, GTPase	COSG14768	11	532242	537287	11p15.5	y	y	infrequent sarcomas, rare other tumour types	rhabdomyosarcoma, ganglioneuroblastoma, bladder	Costello syndrome	E, L, M	Dom	oncogene	Mis		n		1	HRAS,ENSG00000174775.12,P01112,3265
HSP90AA1	heat shock protein 90 alpha family class A member 1	COSG40950	14	102547075	102606036	14q32.31	y	n	NHL			L	Dom	fusion	T	BCL6	n		1	HSP90AA1,ENSG00000080824.14,P07900,3320,FLJ31884,HSP90N,Hsp89,Hsp90
HSP90AB1	heat shock protein 90 alpha family class B member 1	COSG18859	6	44214824	44221620	6p21.1	y	n	NHL			L	Dom	fusion	T	BCL6	n		1	HSP90AB1,ENSG00000096384.15,P08238,3326
ID3	inhibitor of DNA binding 3, HLH protein	COSG37797	1	23884409	23886285	1p36.12	y	n	Burkitt lymphoma			L		TSG	Mis, N		n		2	ID3,ENSG00000117318.8,Q02535,3399,HEIR-1,bHLHb25
IDH1	isocitrate dehydrogenase (NADP(+)) 1, cytosolic	COSG48312	2	209100951	209130798	2q34	y	n	glioblastoma			O	Dom	oncogene	Mis		n		1	IDH1,ENSG00000138413.9,O75874,3417
IDH2	isocitrate dehydrogenase (NADP(+)) 2, mitochondrial	COSG44746	15	90626277	90645736	15q26.1	y	n	glioblastoma			O	Dom	oncogene	Mis		n		1	IDH2,ENSG00000182054.5,P48735,3418
IGF2BP2	insulin like growth factor 2 mRNA binding protein 2	COSG42648	3	185361527	185542844	3q27.2	y	n	lymphoma			L		TSG	D		y	Diabetes mellitus, noninsulin-dependent, susceptibility	2	IGF2BP2,ENSG00000073792.11,Q9Y6M1,10644,IMP-2
IGH	immunoglobulin heavy locus	COSG57774	14			14q32.33	y	n	MM, Burkitt lymphoma, NHL, CLL, B-ALL, MALT, MLCLS			L	Dom	fusion	T	MYC, FGFR3, PAX5, FCRL4, IRF4, CCND1, BCL9, BCL8, BCL6, BCL2, BCL3, BCL10, BCL11A. LHX4, DDX6, NFKB2, PAFAH1B2, PCSK7, CRLF2	n		1	IGH,3492
IGK	immunoglobulin kappa locus	COSG57775	2			2p12	y	n	Burkitt lymphoma, B-NHL			L	Dom	fusion	T	MYC, KDSR	n		1	IGK,50802
IGL	immunoglobulin lambda locus	COSG57776	22			22q11.2	y	n	Burkitt lymphoma			L	Dom	fusion	T	BCL9, MYC, CCND2	n		1	IGL,3535
IKBKB	inhibitor of nuclear factor kappa B kinase subunit beta	COSG27957	8	42128820	42189973	8p11.21	y	n	SMZL			L	Dom	oncogene	Mis		y	Immunodeficiency 15	1	IKBKB,ENSG00000104365.9,O14920,3551,IKK-beta,IKK2,IKKB,NFKBIKB
IKZF1	IKAROS family zinc finger 1	COSG52224	7	50343720	50472799	7p12.2	y	n	ALL, DLBCL			L	Dom/Rec	TSG, fusion	D,T	BCL6	n		1	IKZF1,ENSG00000185811.12,Q13422,10320,Hs.54452,IKAROS,LyF-1,PPP1R92,hIk-1
IKZF3	IKAROS family zinc finger 3	COSG51139	17	37921198	38020441	17q12	y	n	B-ALL, CLL, breast cancer, colorectal cancer			L, E		oncogene, TSG, fusion	D, Mis, F, N, T	NAGLU, VAPB	n		1	IKZF3,ENSG00000161405.12,Q9UKT9,22806,Aiolos
IL2	interleukin 2	COSG12869	4	123372625	123377880	4q27	y	n	intestinal T-cell lymphoma			L	Dom	fusion	T	TNFRSF17	n		1	IL2,ENSG00000109471.4,P60568,3558,IL-2,TCGF
IL21R	interleukin 21 receptor	COSG26843	16	27413483	27462115	16p12.1	y	n	NHL			L	Dom	fusion	T	BCL6	n		1	IL21R,ENSG00000103522.11,Q9HBE5,50615,CD360
IL6ST	interleukin 6 signal transducer	COSG39042	5	55230923	55290821	5q11.2	y	n	hepatocellular carcinoma			E	Dom	oncogene	O		n		1	IL6ST,ENSG00000134352.15,P40189,3572,CD130,GP130
IL7R	interleukin 7 receptor	COSG31865	5	35852797	35879705	5p13.2	y	n	ALL, ETP ALL			L	Dom	oncogene	Mis, O		y	Severe combined immune deficiency	1	IL7R,ENSG00000168685.10,P16871,3575,CD127,IL7RA
IRF4	interferon regulatory factor 4	COSG5337	6	391739	411447	6p25.3	y	n	MM			L	Dom	oncogene, TSG, fusion	T	IGH	n		1	IRF4,ENSG00000137265.10,Q15306,3662,LSIRF
IRS4	insulin receptor substrate 4	COSG39120	X	107975712	107979651	Xq22.3	y	n	glioma, rhabdomyosarcoma, melanoma, breast cancer, T-ALL			E, O, M, L		oncogene, TSG	Mis, F, T	TRB	n		1	IRS4,ENSG00000133124.10,O14654,8471,IRS-4,PY160
ISX	intestine specific homeobox	COSG8313	22	35462129	35483380	22q12.3	y	n	melanoma			E			Mis		n		2	ISX,ENSG00000175329.8,Q2M1V0,91464,RAXLX
ITGAV	integrin subunit alpha V	COSG50965	2	187454792	187545628	2q32.1	y	n	large intestine carcinoma			E			F		n		2	ITGAV,ENSG00000138448.7,P06756,3685,CD51
ITGB1	integrin subunit beta 1	COSG23937	10	33189247	33294720	10p11.22	y	n	cutaneous melanoma, lung adenocarcinoma			O, E			Mis, N		n		2	ITGB1,ENSG00000150093.14,P05556,3688,CD29,GPIIA
ITK	IL2 inducible T cell kinase	COSG20670	5	156569944	156682201	5q33.3	y	n	peripheral T-cell lymphoma			L	Dom	fusion	T	SYK	n		1	ITK,ENSG00000113263.8,Q08881,3702,EMT,LYK,PSCTK2
JAK1	Janus kinase 1	COSG1232	1	65298912	65432187	1p31.3	y	n	ALL			L	Dom	oncogene, TSG	Mis		n		1	JAK1,ENSG00000162434.7,P23458,3716,JAK1A,JTK3
JAK2	Janus kinase 2	COSG10049	9	4985033	5128183	9p24.1	y	n	ALL, AML, MPN,  CML			L	Dom	oncogene, fusion	T, Mis, O	ETV6, PCM1, BCR	n		1	JAK2,ENSG00000096968.8,O60674,3717,JTK10
JAK3	Janus kinase 3	COSG50617	19	17935589	17958880	19p13.11	y	n	acute megakaryocytic leukaemia, ETP ALL			L	Dom	oncogene	Mis		n		1	JAK3,ENSG00000105639.14,P52333,3718,JAK-3,JAK3_HUMAN,JAKL,L-JAK,LJAK
JAZF1	JAZF zinc finger 1	COSG5253	7	27870192	28220362	7p15.2	y	n	endometrial stromal tumour			M	Dom	fusion	T	SUZ12	n		2	JAZF1,ENSG00000153814.7,Q86VZ6,221895,DKFZp761K2222,TIP27,ZNF802
JUN	Jun proto-oncogene, AP-1 transcription factor subunit	COSG32601	1	59246465	59249785	1p32.1	y	n	sarcoma			M	Dom	oncogene	A		n		1	JUN,ENSG00000177606.5,P05412,3725,AP-1,c-Jun
KAT6A	lysine acetyltransferase 6A	COSG21056	8	41786997	41909508	8p11.21	y	n	AML			L	Dom	oncogene, fusion	T, A	CREBBP, NCOA2, EP300	n		1	KAT6A,ENSG00000083168.5,Q92794,7994,MOZ,ZC2HC6A
KAT6B	lysine acetyltransferase 6B	COSG15002	10	76585340	76792380	10q22.2	y	n	AML, leiomyoma			L, M	Dom	TSG, fusion	T	CREBBP, KANSL1	n	Genitopatellar syndrome, Say-Barber-Biesecker/Young-Simpson syndrome	1	KAT6B,ENSG00000156650.8,Q8WYB5,23522,MOZ2,Morf,ZC2HC6B,qkf,querkopf
KAT7	lysine acetyltransferase 7	COSG36831	17	47865917	47906458	17q21.33	y	n	CCRCC			E		oncogene	Mis		n		2	KAT7,ENSG00000136504.7,O95251,11143,HBO1,HBOA,ZC2HC7
KCNJ5	potassium voltage-gated channel subfamily J member 5	COSG2562	11	128761251	128790930	11q24.3	y	n	adrenal adenoma			E	Dom	oncogene	Mis		y	Familial hyperaldosteronism type III, Long QT syndrome	1	KCNJ5,ENSG00000120457.7,P48544,3762,CIR,GIRK4,KATP1,Kir3.4,LQT13
KDM5A	lysine demethylase 5A	COSG28172	12	389295	498620	12p13.33	y	n	AML			L	Dom	oncogene, fusion	T	NUP98	n		1	KDM5A,ENSG00000073614.7,P29375,5927
KDM5C	lysine demethylase 5C	COSG46591	X	53220503	53254604	Xp11.22	y	n	clear cell renal carcinoma			E	Rec	TSG	N, F, S, Mis		y	 X-linked mental retardation syndromic Claes-Jensen-type.	1	KDM5C,ENSG00000126012.7,P41229,8242,DXS1272E,XE169
KDM6A	lysine demethylase 6A	COSG42867	X	44732757	44971847	Xp11.3	y	n	renal cell carcinoma, bladder carcinoma, oesophageal SCC, MM, medulloblastoma, T-ALL, other tumour types			E, L	Rec	oncogene, TSG	D, N, F, S		y	Kabuki syndrome	1	KDM6A,ENSG00000147050.10,O15550,7403
KDR	kinase insert domain receptor	COSG19857	4	55944644	55991756	4q12	y	y	NSCLC, angiosarcoma	melanoma		E	Dom	oncogene	Mis		n		1	KDR,ENSG00000128052.8,P35968,3791,CD309,FLK1,VEGFR,VEGFR2
KDSR	3-ketodihydrosphingosine reductase	COSG37772	18	60994959	61034743	18q21.33	y	n	B-NHL			L	Dom	fusion	T	IGK	n		1	KDSR,ENSG00000119537.11,Q06136,2531,DHSR,SDR35C1
KEAP1	kelch like ECH associated protein 1	COSG14511	19	10596796	10614417	19p13.2	y	n	NSCLC, breast carcinoma			E		TSG	Mis, N, F		n		1	KEAP1,ENSG00000079999.9,Q14145,9817,INrf2,KIAA0132,KLHL19,MGC10630,MGC1114,MGC20887,MGC4407,MGC9454
KIAA1549	KIAA1549	COSG20458	7	138516126	138666064	7q34	y	n	pilocytic astrocytoma			O	Dom	fusion	T	BRAF	n		2	KIAA1549,ENSG00000122778.5,Q9HCM3,57670
KIF5B	kinesin family member 5B	COSG11670	10	32297938	32345359	10p11.22	y	n	NSCLC, Spitzoid tumour			E	Dom	fusion	T	RET, ALK	n		1	KIF5B,ENSG00000170759.10,P33176,3799,KNS
KIT	KIT proto-oncogene receptor tyrosine kinase	COSG30790	4	55524085	55606881	4q12	y	y	GIST, AML, TGCT, mastocytosis, mucosal melanoma	GIST, epithelioma	familial gastrointestinal stromal tumour	L, M, O, E	Dom	oncogene	Mis, O		y	Piebald trait	1	KIT,ENSG00000157404.11,P10721,3815,C-Kit,CD117,SCFR
KLF4	Kruppel like factor 4	COSG26457	9	110247133	110252763	9q31.2	y	n	meningioma			O	Dom	oncogene, TSG	Mis		n		1	KLF4,ENSG00000136826.10,O43474,9314,EZF,GKLF
KLF6	Kruppel like factor 6	COSG45151	10	3818188	3827473	10p15.1	y	n	prostate, glioma			E, O	Rec	TSG	Mis, N		n		1	KLF6,ENSG00000067082.10,Q99612,1316,CPBP,GBF,PAC1,Zf9
KLK2	kallikrein related peptidase 2	COSG40773	19	51364824	51383823	19q13.33	y	n	prostate			E	Dom	fusion	T	ETV4	n		1	KLK2,ENSG00000167751.8,P20151,3817
KMT2A	lysine methyltransferase 2A	COSG41762	11	118307205	118397539	11q23.3	y	n	AML, ALL			L	Dom	oncogene, fusion	T, O	KMT2A, MLLT1, AFF1, MLLT3, MLLT4, FOXO4, MLLT10, MLLT6, ELL, EPS15, MLLT11, CREBBP, SH3GL1, FNBP1, SEPT5, SEPT9, GPHN, GMPS, ABI1, ARHGEF12, GAS7, FOXO3, AFF3, TET1, SEPT6, LPP, RUNX1T1, ARHGAP26, EP300, PICALM, CLP1, PRRC1, DAB2IP, MAPRE1, KIAA1524, SEPT2, SARNP, ZFYVE19, TOP3A, CASC5, EEFSEC, FRYL, SORBS2, ABI2, LASP1, CASP8AP2, AFF4, NRIP3, NCKIPSD, CBL, ACTN4, PDS5A, CT45A2, MYO1F, KIAA0284, BTBD18	n		1	KMT2A,ENSG00000118058.16,Q03164,4297,ALL-1,CXXC7,HRX,HTRX1,MLL1A,TRX1
KMT2C	lysine methyltransferase 2C	COSG53044	7	151832010	152133090	7q36.1	y	n	medulloblastoma			O	Rec	TSG	N		n		1	KMT2C,ENSG00000055609.13,Q8NEZ4,58508,HALR,KIAA1506
KMT2D	lysine methyltransferase 2D	COSG40594	12	49412758	49453557	12q13.12	y	n	medulloblastoma, renal			O, E	Rec	oncogene, TSG	N, F, Mis		n		1	KMT2D,ENSG00000167548.10,O14686,8085,ALR,CAGL114,MLL4
KNL1	kinetochore scaffold 1	COSG24364	15	40886218	40956540	15q15.1	y	n	AML			L	Dom	TSG, fusion	T	KMT2A	n		1	KNL1,ENSG00000137812.15,Q8NG31,57082,AF15Q14,CT29,D40,KIAA1570,PPP1R55,Spc7,hKNL-1,hSpc105
KNSTRN	kinetochore localized astrin (SPAG5) binding protein	COSG49881	15	40674922	40686447	15q15.1	y	n	SCC			E		oncogene	Mis		n		2	KNSTRN,ENSG00000128944.9,Q9Y448,90417,FLJ14502,SKAP,TRAF4AF1,kinastrin
KRAS	KRAS proto-oncogene, GTPase	COSG32146	12	25357723	25403870	12p12.1	y	n	pancreatic, colorectal, lung, thyroid, AML, other tumour types			L, E, M, O	Dom	oncogene	Mis		n		1	KRAS,ENSG00000133703.7,P01116,3845,KRAS1
KTN1	kinectin 1	COSG23571	14	56025790	56168244	14q22.3	y	n	papillary thyroid			E	Dom	fusion	T	RET	n		1	KTN1,ENSG00000126777.13,Q86UP2,3895,CG1,KIAA0004,KNT
LARP4B	La ribonucleoprotein domain family member 4B	COSG36764	10	855484	977564	10p15.3	y	n	CRC, glioma			E, O		TSG	F, D		n		2	LARP4B,ENSG00000107929.10,Q92615,23185
LASP1	LIM and SH3 protein 1	COSG37963	17	37026112	37078023	17q12	y	n	AML			L	Dom	fusion	T	KMT2A	n		1	LASP1,ENSG00000002834.13,Q14847,3927,Lasp-1,MLN50
LATS1	large tumor suppressor kinase 1	COSG47903	6	149979289	150039392	6q25.1	y	n	skin basal cell carcinoma			E		TSG	Mis, N		n		1	LATS1,ENSG00000131023.8,O95835,9113,WARTS
LATS2	large tumor suppressor kinase 2	COSG18531	13	21547171	21635686	13q12.11	y	n	malignant mesothelioma			E		TSG	D, F, N		n		1	LATS2,ENSG00000150457.7,Q9NRM7,26524
LCK	LCK proto-oncogene, Src family tyrosine kinase	COSG28892	1	32716840	32751766	1p35.1	y	n	T-ALL			L	Dom	oncogene, fusion	T	TRB	n		1	LCK,ENSG00000182866.12,P06239,3932
LCP1	lymphocyte cytosolic protein 1	COSG36137	13	46700055	46786006	13q14.13	y	n	NHL			L	Dom	fusion	T	BCL6	n		2	LCP1,ENSG00000136167.9,P13796,3936,CP64,L-PLASTIN,LC64P,PLS2
LEF1	lymphoid enhancer binding factor 1	COSG12288	4	108968701	109090112	4q25	y	n	B-ALL, T-ALL, eyelid sebaceous carcinoma, AML, lymphomas			L, E		oncogene, TSG	Mis, N		n		1	LEF1,ENSG00000138795.5,Q9UJU2,51176,TCF10,TCF1ALPHA,TCF7L3
LEPROTL1	leptin receptor overlapping transcript like 1	COSG26670	8	29952914	30034724	8p12	y	n	lung cancer, colon cancer			E		TSG	D		n		2	LEPROTL1,ENSG00000104660.13,O95214,23484,Vps55,my047
LHFPL6	LHFPL tetraspan subfamily member 6	COSG23484	13	39917029	40177665	13q14.11	y	n	lipoma			M	Dom	fusion	T	HMGA2	n		2	LHFPL6,ENSG00000183722.7,Q9Y693,10186,MGC22429
LIFR	LIF receptor alpha	COSG11797	5	38475065	38608456	5p13.1	y	n	salivary adenoma			E	Dom	fusion	T	PLAG1	n		1	LIFR,ENSG00000113594.5,P42702,3977,CD118
LMNA	lamin A/C	COSG35421	1	156052364	156109880	1q22	y	n	Spitzoid tumour			E	Dom	fusion	T	NTRK1	y	Muscular dystrophy, dilated cardiomyopathy,  familial partial lipodystrophy, and others	1	LMNA,ENSG00000160789.15,P02545,4000,HGPS,MADA
LMO1	LIM domain only 1	COSG8567	11	8245851	8290263	11p15.4	y	n	T-ALL			L	Dom	oncogene, fusion	T	TRD	n		1	LMO1,ENSG00000166407.9,P25800,4004,RHOM1,TTG1
LMO2	LIM domain only 2	COSG27079	11	33880122	33913836	11p13	y	n	T-ALL			L	Dom	oncogene, fusion	T	TRD	n		1	LMO2,ENSG00000135363.7,P25791,4005,RBTN2,RHOM2,TTG2
LPP	LIM domain containing preferred translocation partner in lipoma	COSG11819	3	187871072	188608460	3q28	y	n	lipoma, leukaemia			L, M	Dom	oncogene, fusion	T	HMGA2, KMT2A, C12orf9	n		1	LPP,ENSG00000145012.8,Q93052,4026
LRIG3	leucine rich repeats and immunoglobulin like domains 3	COSG2324	12	59265931	59314303	12q14.1	y	n	NSCLC			E	Dom	TSG, fusion	T	ROS1	n		1	LRIG3,ENSG00000139263.7,Q6UXM1,121227,FLJ90440,KIAA3016
LRP1B	LDL receptor related protein 1B	COSG56761	2	140988992	142889270	2q22.2	y	n	CLL, ovarian cancer, oesophageal squamous cell carcinoma, urothelial cancer			E, L	Rec	TSG	D, Mis, N, F		n		1	LRP1B,ENSG00000168702.12,Q9NZR2,53353,LRP-DIT,LRPDIT
LSM14A	LSM14A, mRNA processing body assembly factor	COSG22302	19	34663409	34720420	19q13.11	y	n	Spitzoid tumour			E	Dom	fusion	T	BRAF	n		2	LSM14A,ENSG00000257103.4,Q8ND56,26065,DKFZP434D1335,RAP55,RAP55A
LYL1	LYL1, basic helix-loop-helix family member	COSG3946	19	13209847	13213975	19p13.2	y	n	T-ALL			L	Dom	oncogene, fusion	T	TRB	n		1	LYL1,ENSG00000104903.4,P12980,4066,bHLHa18
LYN	LYN proto-oncogene, Src family tyrosine kinase	COSG53530	8	56792372	56923940	8q12.1	y	n	DLBCL, B-ALL, MPN			L		oncogene, fusion	Mis, T	ETV6, GATAD2A, NCOR1	n		2	LYN,ENSG00000254087.3,P07948,4067,JTK8
LZTR1	leucine zipper like transcription regulator 1	COSG28416	22	21333751	21353327	22q11.21	y	y	glioblastoma	glioblastoma, schwannoma	Schwannomatosis-2	E	Dom	TSG	Mis, F, N		y	Noonan syndrome 10	1	LZTR1,ENSG00000099949.14,Q8N653,8216,BTBD29,LZTR-1
MACC1	MET transcriptional regulator MACC1	COSG40067	7	20174278	20257027	7p21.1	y	n	liver, CRC			E		oncogene	Mis		n		2	MACC1,ENSG00000183742.8,Q6ZN28,346389,7A5,SH3BP4L
MAF	MAF bZIP transcription factor	COSG53681	16	79619740	79634611	16q23.2	y	n	MM			L	Dom	oncogene, fusion	T	IGH	n		1	MAF,ENSG00000178573.6,O75444,4094,c-MAF
MAFB	MAF bZIP transcription factor B	COSG18570	20	39314488	39317880	20q12	y	n	MM			L	Dom	oncogene, fusion	T	IGH	n		1	MAFB,ENSG00000204103.2,Q9Y5Q3,9935
MALAT1	metastasis associated lung adenocarcinoma transcript 1	COSG28513	11	65265233	65273940	11q13.1	y	n	renal cell carcinoma (childhood epithelioid), lung			E	Dom	oncogene, TSG, fusion	T	TFEB	n		2	MALAT1,ENSG00000251562.3,378938,HCN,LINC00047,MALAT-1,NCRNA00047,NEAT2,PRO1073,mascRNA
MALT1	MALT1 paracaspase	COSG37362	18	56338618	56417371	18q21.32	y	n	MALT			L	Dom	oncogene, fusion	T	BIRC3	n		1	MALT1,ENSG00000172175.8,Q9UDY8,10892,PCASP1
MAML2	mastermind like transcriptional coactivator 2	COSG56517	11	95709762	96076344	11q21	y	n	salivary gland mucoepidermoid			E	Dom	oncogene, fusion	T	CRTC3, CRTC1	n		1	MAML2,ENSG00000184384.9,Q8IZL2,84441,KIAA1819,MAM3
MAP2K1	mitogen-activated protein kinase kinase 1	COSG33031	15	66679155	66784650	15q22.31	y	n	NSCLC, melanoma, colorectal			E	Dom	oncogene	Mis		y	Cardiofaciocutaneous syndrome	1	MAP2K1,ENSG00000169032.5,Q02750,5604,MAPKK1,MEK1
MAP2K2	mitogen-activated protein kinase kinase 2	COSG47370	19	4090319	4124126	19p13.3	y	n	NSCLC, melanoma			E	Dom	oncogene	Mis		y	Cardiofaciocutaneous syndrome	1	MAP2K2,ENSG00000126934.9,P36507,5605,MEK2
MAP2K4	mitogen-activated protein kinase kinase 4	COSG36475	17	11924141	12047147	17p12	y	n	pancreatic, breast, colorectal			E	Rec	oncogene, TSG	D, Mis, N		n		1	MAP2K4,ENSG00000065559.10,P45985,6416,JNKK1,MEK4,MKK4,PRKMK4
MAP3K1	mitogen-activated protein kinase kinase kinase 1	COSG15634	5	56111401	56191979	5q11.2	y	n	luminal A breast			E	Rec	oncogene, TSG	N, F, Mis, O, S		y	46,XY sex reversal 6	1	MAP3K1,ENSG00000095015.5,Q13233,4214,MAPKKK1,MEKK
MAP3K13	mitogen-activated protein kinase kinase kinase 13	COSG51326	3	185000729	185206885	3q27.2	y	n	breast			E	Rec	oncogene, TSG	F		n		1	MAP3K13,ENSG00000073803.9,O43283,9175,LZK,MEKK13
MAPK1	mitogen-activated protein kinase 1	COSG21245	22	22108789	22221970	22q11.22	y	n	CLL, ovarian mixed germ cell tumour, cervical carcinoma			E, L	Dom	oncogene	Mis		n		1	MAPK1,ENSG00000100030.10,P28482,5594,ERK,ERK2,MAPK2,p41mapk
MAX	MYC associated factor X	COSG14969	14	65472892	65569413	14q23.3	y	y	pheochromocytoma, endometrioid carcinoma, colon carcinoma	pheochromocytoma		E, O	Rec	TSG	Mis, N, F		n		1	MAX,ENSG00000125952.14,P61244,4149,bHLHd4,bHLHd5,bHLHd6,bHLHd7,bHLHd8
MB21D2	Mab-21 domain containing 2	COSG51997	3	192514604	192635950	3q29	y	n	lung cancer			E			Mis		n		2	MB21D2,ENSG00000180611.6,Q8IYB1,151963
MDM2	MDM2 proto-oncogene	COSG3712	12	69201956	69239214	12q15	y	n	sarcoma, glioma, colorectal, other tumour types			M, O, E, L	Dom	oncogene	A		n		1	MDM2,ENSG00000135679.17,Q00987,4193,HDM2,MGC5370
MDM4	MDM4, p53 regulator	COSG25953	1	204485511	204542871	1q32.1	y	n	glioblastoma, bladder, retinoblastoma			M	Dom	oncogene	A		n		1	MDM4,ENSG00000198625.8,O15151,4194,HDMX,MDMX
MDS2	myelodysplastic syndrome 2 translocation associated	COSG14637	1	23907985	23967058	1p36.11	y	n	MDS			L	Dom	fusion	T	ETV6	n		2	MDS2,ENSG00000197880.4,Q8NDY4,
MECOM	MDS1 and EVI1 complex locus	COSG6655	3	168801287	169381406	3q26.2	y	n	AML, CML, MDS			L	Dom	oncogene, fusion	T	RUNX1, ETV6, PRDM16, RPN1	n		1	MECOM,ENSG00000085276.13,Q03112,2122,KMT8E,MDS1-EVI1,PRDM3
MED12	mediator complex subunit 12	COSG31624	X	70338406	70362303	Xq13.1	y	n	uterine leiomyoma, fibroadenoma, phyllodes tumour			M, E	Dom	TSG	Mis, S, O		y	Opitz-Kaveggia Syndrome	1	MED12,ENSG00000184634.11,Q93074,9968,CAGH45,HOPA,KIAA0192,OKS,OPA1,TRAP230
MEN1	menin 1	COSG11707	11	64570982	64578766	11q13.1	y	y	parathyroid tumours, pancreatic neuroendocrine tumour	parathyroid adenoma, pituitary adenoma, pancreatic islet cell, carcinoid	multiple endocrine neoplasia type 1	E	Rec	TSG	D, Mis, N, F, S		n		1	MEN1,ENSG00000133895.10,O00255,4221
MET	MET proto-oncogene, receptor tyrosine kinase	COSG20371	7	116312444	116438440	7q31.2	y	n	papillary renal, head-neck squamous cell	papillary renal	familial papillary renal cancer	E	Dom	oncogene	Mis		n		1	MET,ENSG00000105976.10,P08581,4233,DFNB97,HGFR,RCCP2
MGMT	O-6-methylguanine-DNA methyltransferase	COSG6688	10	131265448	131566271	10q26.3	y	n	glioma			O		TSG	D		n		2	MGMT,ENSG00000170430.9,P16455,4255
MITF	melanocyte inducing transcription factor	COSG30132	3	69788586	70017488	3p14.1	y	y	melanoma, clear cell tumour with melanocytic differentiation, cutaneous clear cell tumour with melanocytic differentiation	melanoma		O, M	Dom	oncogene, fusion	A, T	ACTB, ACTG1, CREM	y	Waardenburg syndrome type 2A, Tietz syndrome	1	MITF,ENSG00000187098.10,O75030,4286,MI,bHLHe32
MLF1	myeloid leukemia factor 1	COSG2544	3	158288952	158325041	3q25.32	y	n	AML			L	Dom	TSG, fusion	T	NPM1	n		1	MLF1,ENSG00000178053.13,P58340,4291
MLH1	mutL homolog 1	COSG21798	3	37034823	37107380	3p22.2	y	y	colorectal, endometrial, ovarian, CNS tumours	colorectal, endometrial, ovarian, CNS	hereditary non-polyposis colorectal cancer, Turcot syndrome	E, O	Rec	TSG	D, Mis, N, F, S		n		1	MLH1,ENSG00000076242.10,P40692,4292,FCC2,HNPCC,HNPCC2
MLLT1	MLLT1, super elongation complex subunit	COSG54925	19	6212966	6279959	19p13.3	y	n	AL			L	Dom	fusion	T	KMT2A	n		1	MLLT1,ENSG00000130382.7,Q03111,4298,ENL,LTG19,YEATS1
MLLT10	MLLT10, histone lysine methyltransferase DOT1L cofactor	COSG28525	10	21823094	22032559	10p12.31	y	n	AL			L	Dom	oncogene, fusion	T	KMT2A, PICALM, CDK6	n		1	MLLT10,ENSG00000078403.12,P55197,8028,AF10
MLLT11	MLLT11, transcription factor 7 cofactor	COSG3744	1	151030234	151040970	1q21.3	y	n	ALL			L	Dom	fusion	T	KMT2A	n		1	MLLT11,ENSG00000213190.2,Q13015,10962,AF1Q
MLLT3	MLLT3, super elongation complex subunit	COSG31190	9	20341663	20622542	9p21.3	y	n	ALL			L	Dom	fusion	T	KMT2A	n		1	MLLT3,ENSG00000171843.11,P42568,4300,AF-9,AF9,YEATS3
MLLT6	MLLT6, PHD finger containing	COSG41955	17	36861795	36886056	17q12	y	n	AL			L	Dom	fusion	T	KMT2A	n		1	MLLT6,ENSG00000108292.12,P55198,4302,AF17,FLJ23480
MN1	MN1 proto-oncogene, transcriptional regulator	COSG34664	22	28144265	28197486	22q12.1	y	n	AML, MDS			L	Dom	oncogene, fusion	T	ETV6	n		1	MN1,ENSG00000169184.5,Q10571,4330,MGCR1,MGCR1-PEN
MNX1	motor neuron and pancreas homeobox 1	COSG5469	7	156786745	156803345	7q36.3	y	n	AML			L	Dom	fusion	T	ETV6	y	Currarino syndrome	2	MNX1,ENSG00000130675.10,P50219,3110,HB9,HOXHB9,SCRA1
MPL	MPL proto-oncogene, thrombopoietin receptor	COSG23605	1	43803478	43818443	1p34.2	y	y	MPN	MPN	familial essential thrombocythemia	L	Dom	oncogene	Mis		y	Congenital amegakaryocytic thrombocytopenia	1	MPL,ENSG00000117400.10,P40238,4352,CD110,TPOR
MRTFA	myocardin related transcription factor A	COSG6302	22	40806285	41032706	22q13.2	y	n	acute megakaryocytic leukaemia			L	Dom	oncogene, TSG, fusion	T	RBM15	n		1	MRTFA,ENSG00000196588.10,Q969V6,57591,BSAC,KIAA1438,MAL,MKL,MRTF-A
MSH2	mutS homolog 2	COSG53665	2	47630108	47789450	2p21	y	y	colorectal, endometrial, ovarian	colorectal, endometrial, ovarian	hereditary non-polyposis colorectal cancer	E	Rec	TSG	D, Mis, N, F, S		n		1	MSH2,ENSG00000095002.8,P43246,4436,HNPCC,HNPCC1
MSH6	mutS homolog 6	COSG52706	2	47922669	48037240	2p16.3	y	y	colorectal	colorectal, endometrial, ovarian	hereditary non-polyposis colorectal cancer	E	Rec	TSG	Mis, N, F, S		n		1	MSH6,ENSG00000116062.10,P52701,2956
MSI2	musashi RNA binding protein 2	COSG40478	17	55333212	55762046	17q22	y	n	CML			L	Dom	oncogene, fusion	T	HOXA9	n		1	MSI2,ENSG00000153944.6,Q96DH6,124540
MSN	moesin	COSG4112	X	64808257	64961791	Xq12	y	n	ALCL			L	Dom	fusion	T	ALK	n		1	MSN,ENSG00000147065.12,P26038,4478
MTCP1	mature T cell proliferation 1	COSG4019	X	154289897	154376212	Xq28	y	n	T cell prolymphocytic leukaemia			L	Dom	oncogene, fusion	T	TRA	n		1	MTCP1,ENSG00000214827.5,P56278,4515,P13MTCP1,p8MTCP1
MTOR	mechanistic target of rapamycin kinase	COSG5362	1	11166592	11322564	1p36.22	y	n	endometrial carcinoma, head and neck, clear cell renal cell carcinoma, anaplastic thyroid cancer, urothelial cell carcinoma, central nervous system tumours, testicular germ cell tumours and other tumour types			E	Dom	oncogene	Mis, N		y	Smith-Kingsmore syndrome, brain overgrowth phenotypes such as focal cortical dysplasia and megalencephaly,	1	MTOR,ENSG00000198793.8,P42345,2475,FLJ44809,RAFT1,RAPT1
MUC1	mucin 1, cell surface associated	COSG30243	1	155158300	155162707	1q22	y	n	B-NHL			L	Dom	fusion	T	IGH	n		1	MUC1,ENSG00000185499.12,4582,ADMCKD,ADMCKD1,CD227,MCD,MCKD,PEM
MUC16	mucin 16, cell surface associated	COSG11232	19	8959520	9092018	19p13.2	y	n	HNSCC, melanoma			E		oncogene	Mis		n		2	MUC16,ENSG00000181143.11,94025,CA125,FLJ14303
MUC4	mucin 4, cell surface associated	COSG15922	3	195473636	195539148	3q29	y	n	HNSCC			E		oncogene	Mis, O		n		2	MUC4,ENSG00000145113.17,4585
MUC6	mucin 6, oligomeric mucus/gel-forming	COSG33742	11	1012821	1036706	11p15.5	y	n	gastric cancer			E			F, M, O		n		2	MUC6,ENSG00000184956.11,Q6W4X9,4588
MUTYH	mutY DNA glycosylase	COSG21480	1	45794835	45806142	1p34.1	y	y	pancreatic neuroendocrine tumour	colorectal carcinoma, pancreatic neuroendocrine tumour	familial adenomatous polyposis-2	E, O	Rec	TSG	Mis, N, F, S, D		n		1	MUTYH,ENSG00000132781.13,Q9UIF7,4595,MYH
MYB	MYB proto-oncogene, transcription factor	COSG52184	6	135502453	135540311	6q23.3	y	n	adenoid cystic carcinoma			E	Dom	oncogene, fusion	T	NFIB	n		1	MYB,ENSG00000118513.14,P10242,4602,c-myb
MYC	MYC proto-oncogene, bHLH transcription factor	COSG51592	8	128747680	128753674	8q24.21	y	n	B-CLL, breast cancer, Burkitt lymphoma, gastric cancer, ovarian cancer			L, E	Dom	oncogene, fusion	A, T	IGK, BCL5, BCL7A , BTG1, TRA, IGH	n		1	MYC,ENSG00000136997.10,P01106,4609,MYCC,bHLHe39,c-Myc
MYCL	MYCL proto-oncogene, bHLH transcription factor	COSG19201	1	40361098	40367928	1p34.2	y	n	small cell lung carcinoma			E	Dom	oncogene	A		n		1	MYCL,ENSG00000116990.9,4610,LMYC,bHLHe38
MYCN	MYCN proto-oncogene, bHLH transcription factor	COSG40362	2	16080686	16087129	2p24.3	y	n	neuroblastoma, Wilms tumour			O	Dom	oncogene	A, Mis		y	Feingold syndrome 1	1	MYCN,ENSG00000134323.10,P04198,4613,MYCNOT,N-myc,bHLHe37
MYD88	MYD88, innate immune signal transduction adaptor	COSG31287	3	38179969	38184513	3p22.2	y	n	ABC-DLBCL			L	Dom	oncogene	Mis		n		1	MYD88,ENSG00000172936.8,4615
MYH11	myosin heavy chain 11	COSG22945	16	15797029	15950890	16p13.11	y	n	AML			L	Dom	fusion	T	CBFB	n		1	MYH11,ENSG00000133392.12,P35749,4629,SMHC,SMMHC
MYH9	myosin heavy chain 9	COSG44529	22	36677327	36784063	22q12.3	y	n	ALCL			L	Dom	TSG, fusion	T	ALK	y	Deafness, autosomal dominant 17, Epstein syndrome, Fechtner syndrome, May-Hegglin anomaly, Sebastian syndrome	1	MYH9,ENSG00000100345.16,P35579,4627,EPSTS,FTNS,MHA,NMHC-II-A,NMMHCA
MYO5A	myosin VA	COSG34886	15	52599480	52821247	15q21.2	y	n	Spitzoid tumour			E	Dom	fusion	T	ROS1	y	Griscelli syndrome	1	MYO5A,ENSG00000197535.10,Q9Y4I1,4644,GS1,MYO5,MYR12
MYOD1	myogenic differentiation 1	COSG18517	11	17741115	17743678	11p15.1	y	n	embryonal rhabdomyosarcoma			M	Dom	oncogene	Mis		n		1	MYOD1,ENSG00000129152.3,P15172,4654,MYOD,PUM,bHLHc1
N4BP2	NEDD4 binding protein 2	COSG53837	4	40058446	40159872	4p14	y	n	lung cancer			E		TSG	D		n		2	N4BP2,ENSG00000078177.9,Q86UW6,55728,B3BP
NAB2	NGFI-A binding protein 2	COSG7352	12	57482677	57489259	12q13.3	y	n	solitary fibrous tumour, meningeal haemangiopericytoma			M, O	Dom	TSG, fusion	T	STAT6	n		1	NAB2,ENSG00000166886.8,Q15742,4665,MADER
NACA	nascent polypeptide associated complex subunit alpha	COSG5924	12	57106212	57125412	12q13.3	y	n	NHL			L	Dom	fusion	T	BCL6	n		2	NACA,ENSG00000196531.6,4666,NACA1
NBEA	neurobeachin	COSG41234	13	35516424	36247159	13q13.3	y	n	large intestine carcinoma, multiple myeloma			E, L			F, T	PVT1	n		2	NBEA,ENSG00000172915.14,Q8NFP9,26960,BCL8B,FLJ10197,KIAA1544,LYST2
NBN	nibrin	COSG30219	8	90945564	91015456	8q21.3	n	y		NHL, glioma, medulloblastoma, rhabdomyosarcoma	Nijmegen breakage syndrome	L, E, M, O	Rec	TSG	Mis, N, F		n		1	NBN,ENSG00000104320.9,O60934,4683,AT-V1,AT-V2,ATV
NCKIPSD	NCK interacting protein with SH3 domain	COSG39850	3	48701364	48723797	3p21.31	y	n	ALL			L	Dom	fusion	T	KMT2A	n		2	NCKIPSD,ENSG00000213672.3,Q9NZQ3,51517,AF3P21,DIP1,ORF1,SPIN90,WASLBP,WISH
NCOA1	nuclear receptor coactivator 1	COSG50301	2	24714783	24993571	2p23.3	y	n	alveolar rhabdomyosarcoma			M	Dom	fusion	T	PAX3	n		1	NCOA1,ENSG00000084676.11,Q15788,8648,F-SRC-1,KAT13A,NCoA-1,RIP160,SRC1,bHLHe74
NCOA2	nuclear receptor coactivator 2	COSG10597	8	71021997	71316040	8q13.3	y	n	AML, chondrosarcoma, rhabdomyosarcoma			L, M	Dom	oncogene, fusion	T	KAT6A, HEY1	n		1	NCOA2,ENSG00000140396.8,Q15596,10499,GRIP1,KAT13C,NCoA-2,TIF2,bHLHe75
NCOA4	nuclear receptor coactivator 4	COSG11121	10	51565108	51590734	10q11.23	y	n	papillary thyroid			E	Dom	TSG, fusion	T	RET	n		1	NCOA4,ENSG00000138293.15,Q13772,8031,ARA70,DKFZp762E1112,ELE1,PTC3,RFG
NCOR1	nuclear receptor corepressor 1	COSG54721	17	15932471	16121499	17p12	y	n	breast			E	Rec	TSG	Mis, F, N, O		y	Ulnar-mammary syndrome	1	NCOR1,ENSG00000141027.16,O75376,9611,KIAA1047,MGC104216,N-CoR,PPP1R109,TRAC1,hCIT529I10,hN-CoR
NCOR2	nuclear receptor corepressor 2	COSG25837	12	124808961	125052135	12q24.31	y	n	prostate			E	Dom	TSG	Mis, F, N, O		n		1	NCOR2,ENSG00000196498.9,9612,CTG26,SMRT,SMRTE,TNRC14,TRAC-1
NDRG1	N-myc downstream regulated 1	COSG25569	8	134249414	134314265	8q24.22	y	n	prostate			E	Dom	TSG, fusion	T	ERG	n		1	NDRG1,ENSG00000104419.10,Q92597,10397,DRG1,NDR1,RTP,TDD5
NF1	neurofibromin 1	COSG23813	17	29421945	29709134	17q11.2	y	y	neurofibroma, glioma	neurofibroma, glioma	neurofibromatosis type 1	O	Rec	TSG, fusion	D, Mis, N, F, S, O, T		n		1	NF1,ENSG00000196712.12,P21359,4763
NF2	neurofibromin 2	COSG41164	22	29999545	30094587	22q12.2	y	y	meningioma, acoustic neuroma, renal	meningioma, acoustic neuroma	neurofibromatosis type 2	O	Rec	TSG	D, Mis, N, F, S, O		n		1	NF2,ENSG00000186575.13,P35240,4771,ACN,BANF,SCH,merlin
NFATC2	nuclear factor of activated T cells 2	COSG50230	20	50003494	50179370	20q13.2	y	n	Ewing sarcoma			M	Dom	oncogene, fusion	T	EWSR1	n		1	NFATC2,ENSG00000101096.15,Q13469,4773,NF-ATP,NFAT1,NFATp
NFE2L2	nuclear factor, erythroid 2 like 2	COSG47055	2	178092323	178257425	2q31.2	y	n	NSCLC, HNSCC			E	Dom	oncogene, TSG	Mis		n		1	NFE2L2,ENSG00000116044.11,Q16236,4780,NRF2
NFIB	nuclear factor I B	COSG48162	9	14081842	14398982	9p23	y	n	adenoid cystic carcinoma, lipoma			E	Dom	fusion	T	MYB, HGMA2	n		1	NFIB,ENSG00000147862.10,O00712,4781,NFI-RED,NFIB2,NFIB3
NFKB2	nuclear factor kappa B subunit 2	COSG18767	10	104153867	104162281	10q24.32	y	n	B-NHL			L	Dom	oncogene, TSG, fusion	T	IGH	n		1	NFKB2,ENSG00000077150.13,Q00653,4791,LYT-10,NF-kB2,p105,p49/p100,p52
NFKBIE	NFKB inhibitor epsilon	COSG41480	6	44225903	44233500	6p21.1	y	n	CLL, desmoplastic melanoma			L, E	Dom/Rec	TSG	F, Mis		n		1	NFKBIE,ENSG00000146232.10,O00221,4794,IKBE
NIN	ninein	COSG4044	14	51186481	51297839	14q22.1	y	n	MPN			L	Dom	fusion	T	PDGFRB	n		1	NIN,ENSG00000100503.19,Q8N4C6,51199
NKX2-1	NK2 homeobox 1	COSG9488	14	36985602	36990354	14q13.3	y	n	lung adenocarcinoma, lung adenocarcinoma (mucinous), T-ALL			E	Dom	oncogene, TSG	A, F, N, T		n		1	NKX2-1,ENSG00000136352.13,P43699,7080,TTF-1,TTF1
NONO	non-POU domain containing octamer binding	COSG17315	X	70503042	70521018	Xq13.1	y	n	papillary renal			E	Dom	fusion	T	TFE3	n		1	NONO,ENSG00000147140.11,Q15233,4841,NMT55,NRB54,P54,P54NRB,PPP1R114
NOTCH1	notch 1	COSG22509	9	139388896	139440314	9q34.3	y	n	T-ALL, breast, bladder, skin SCC, lung SCC, head and neck SCC			L, E	Dom/Rec	oncogene, TSG, fusion	T, Mis, O	TRB, SEC16A, GABBR2	n		1	NOTCH1,ENSG00000148400.9,P46531,4851
NOTCH2	notch 2	COSG46144	1	120454176	120612240	1p12	y	n	marginal zone lymphoma, DLBCL, bladder			L, E	Dom/Rec	oncogene, TSG	N, F, Mis		y	Hajdu-Cheney syndrome, serpentine fibula-polycystic kidney syndrome	1	NOTCH2,ENSG00000134250.13,Q04721,4853
NPM1	nucleophosmin 1	COSG55850	5	170814120	170838141	5q35.1	y	n	NHL, APL, AML			L	Dom	oncogene, fusion	T, F	ALK, RARA, MLF1	n		1	NPM1,ENSG00000181163.9,P06748,4869,B23,NPM
NR2F2	nuclear receptor subfamily 2 group F member 2	COSG25063	15	96869167	96883492	15q26.2	y	n	endometrioid carcinoma, soft-tissue sarcoma			E, M			A, Mis, O		n		2	NR2F2,ENSG00000185551.8,P24468,7026,COUP-TFII,COUPTF2,COUPTFB,NF-E3,SVP40
NR4A3	nuclear receptor subfamily 4 group A member 3	COSG43898	9	102584137	102629173	9q31.1	y	n	extraskeletal myxoid chondrosarcoma			M	Dom	oncogene, fusion	T	EWSR1, TAF15, TCF12, TFG	n		1	NR4A3,ENSG00000119508.13,Q92570,8013,CHN,CSMF,MINOR,NOR1
NRAS	NRAS proto-oncogene, GTPase	COSG37422	1	115247090	115259515	1p13.2	y	n	melanoma, MM, AML, thyroid			L, E	Dom	oncogene	Mis		n		1	NRAS,ENSG00000213281.4,P01111,4893,N-ras
NRG1	neuregulin 1	COSG48623	8	31496902	32622548	8p12	y	n	NSCLC			E	Dom	fusion	T	CD74	n		1	NRG1,ENSG00000157168.14,Q02297,3084,GGF,HRG,NDF
NSD1	nuclear receptor binding SET domain protein 1	COSG47908	5	176560026	176727216	5q35.3	y	n	AML			L	Dom	fusion	T	NUP98	y	Sotos Syndrome	1	NSD1,ENSG00000165671.14,Q96L73,64324,ARA267,FLJ22263,KMT3B
NSD2	nuclear receptor binding SET domain protein 2	COSG51889	4	1873151	1983934	4p16.3	y	n	MM			L	Dom	oncogene, fusion	T	IGH	n		1	NSD2,ENSG00000109685.13,O96028,7468,KMT3G,MMSET
NSD3	nuclear receptor binding SET domain protein 3	COSG47973	8	38127215	38239790	8p11.23	y	n	AML			L	Dom	oncogene, fusion	T, A	NUP98	n		1	NSD3,ENSG00000147548.12,Q9BZ95,54904,FLJ20353,KMT3F,WHISTLE
NT5C2	5'-nucleotidase, cytosolic II	COSG53846	10	104845940	104953056	10q24.33	y	n	relapse ALL			L	Dom	oncogene	Mis		y	Spastic paraplegia-45	1	NT5C2,ENSG00000076685.14,P49902,22978,GMP,PNT5,SPG65,cN-II
NTHL1	nth like DNA glycosylase 1	COSG51657	16	2089816	2097867	16p13.3	n	y		CRC	Familial adenomatous polyposis	E		TSG	N, S		n		2	NTHL1,ENSG00000065057.3,P78549,4913,NTH1,OCTS3
NTRK1	neurotrophic receptor tyrosine kinase 1	COSG53834	1	156785432	156851642	1q23.1	y	n	papillary thyroid, Spitzoid tumour			E	Dom	oncogene, TSG, fusion	T, A	TPM3, TPR, TFG, TP53, LMNA	n		1	NTRK1,ENSG00000198400.7,P04629,4914,MTC,TRK,TRKA
NTRK2	neurotrophic receptor tyrosine kinase 2	COSG11254	9	87283466	87638505	9q21.33	y	n	colorectal cancer, ganglioglioma, glioma, HNSCC, lung adenocarcinoma			E, O		oncogene, fusion	T, Mis	AFAP1, AGBL4, BCR, MUC2, NACC2, PAN3, QK1, SLMAP, SQSTM1, TRIM24, VCL	n		1	NTRK2,ENSG00000148053.11,Q16620,4915,TRKB
NTRK3	neurotrophic receptor tyrosine kinase 3	COSG1513	15	88418230	88799999	15q25.3	y	n	congenital fibrosarcoma, secretory breast			E, M	Dom	oncogene, fusion	T	ETV6	n		1	NTRK3,ENSG00000140538.12,Q16288,4916,TRKC
NUMA1	nuclear mitotic apparatus protein 1	COSG15406	11	71713910	71791739	11q13.4	y	n	APL			L	Dom	fusion	T	RARA	n		1	NUMA1,ENSG00000137497.13,Q14980,4926
NUP214	nucleoporin 214	COSG14595	9	134000948	134110057	9q34.13	y	n	AML, T-ALL			L	Dom	fusion	T	DEK, SET, ABL1	n		1	NUP214,ENSG00000126883.12,P35658,8021,CAIN,CAN,D9S46E,N214
NUP98	nucleoporin 98	COSG2652	11	3692313	3819022	11p15.4	y	n	AML			L	Dom	oncogene, fusion	T	HOXA9, NSD1, WHSC1L1, DDX10, TOP1, HOXD13, PRRX1, HOXA13, HOXD11, HOXA11, RAP1GDS1, HOXC11	n		1	NUP98,ENSG00000110713.11,P52948,4928,NUP96
NUTM1	NUT midline carcinoma family member 1	COSG12750	15	34635516	34649938	15q14	y	n	lethal midline carcinoma			E	Dom	oncogene, fusion	T	BRD3, BRD4	n		1	NUTM1,ENSG00000184507.11,Q86Y26,256646,DKFZp434O192,FAM22H,NUT
NUTM2B	NUT family member 2B	COSG50893	10	81462983	81474437	10q22.3	y	n	endometrial stromal sarcoma			M	Dom	fusion	T	YWHAE	n		1	NUTM2B,ENSG00000188199.6,A6NNL0,729262,bA119F19.1
NUTM2D	NUT family member 2D	COSG3662	10	89117425	89130452	10q23.2	y	n	endometrial stromal sarcoma			M	Dom	fusion	T	YWHAE	n		1	NUTM2D,ENSG00000214562.9,Q5VT03,
OLIG2	oligodendrocyte transcription factor 2	COSG435	21	34398153	34401504	21q22.11	y	n	T-ALL			L	Dom	oncogene, fusion	T	TRA	n		1	OLIG2,ENSG00000205927.4,Q13516,10215,OLIGO2,RACK17,bHLHe19
OMD	osteomodulin	COSG54623	9	95176527	95186743	9q22.31	y	n	aneurysmal bone cyst			M	Dom	fusion	T	USP6	n		2	OMD,ENSG00000127083.7,Q99983,4958,SLRR2C,osteoadherin
P2RY8	P2Y receptor family member 8	COSG22424	X	1581465	1656000	Xp22.33	y	n	B-ALL, Down syndrome associated ALL			L	Dom	oncogene, fusion	T	CRLF2	n		1	P2RY8,ENSG00000182162.5,Q86VZ1,286530,P2Y8
PABPC1	poly(A) binding protein cytoplasmic 1	COSG55264	8	101698044	101735037	8q22.3	y	n	HNSCC, biliary tract carcinoma			E		oncogene, TSG	Mis, F		n		2	PABPC1,ENSG00000070756.9,P11940,26986,PABP1,PABPL1
PAFAH1B2	platelet activating factor acetylhydrolase 1b catalytic subunit 2	COSG21738	11	117014983	117047610	11q23.3	y	n	MLCLS			L	Dom	fusion	T	IGH	n		1	PAFAH1B2,ENSG00000168092.9,P68402,5049
PAK2	p21 (RAC1) activated kinase 2	COSG14150	3	196466728	196559518	3q29	y	n	adult T-cell leukaemia/lymphoma, poroma with folliculo-sebaceous differentiation			L, O		oncogene, fusion	A, T	RNF13, DLG1, EPHB3	n		2	PAK2,ENSG00000180370.6,Q13177,5062,PAK65,PAKgamma
PALB2	partner and localizer of BRCA2	COSG52299	16	23614488	23652631	16p12.2	n	y		Wilms tumour, medulloblastoma, AML ,breast	Fanconi anaemia N, breast cancer susceptibility	L, O, E	Rec	TSG	F, N, Mis		n		1	PALB2,ENSG00000083093.5,Q86YC2,79728,FANCN,FLJ21816
PARP1	poly(ADP-ribose) polymerase 1	COSG34840	1	226548392	226595780	1q42.12	y	n	breast cancer			E			A		n		2	PARP1,ENSG00000143799.8,P09874,142,PARP
PATZ1	POZ/BTB and AT hook containing zinc finger 1	COSG50863	22	31721790	31742218	22q12.2	y	n	Ewing sarcoma			M	Dom	TSG, fusion	T	EWSR1	n		1	PATZ1,ENSG00000100105.13,Q9HBE1,23598,MAZR,PATZ,RIAZ,ZBTB19,ZSG,dJ400N23
PAX3	paired box 3	COSG34345	2	223064607	223163715	2q36.1	y	n	alveolar rhabdomyosarcoma			M	Dom	oncogene, fusion	T	FOXO1, NCOA1, NCOA2	y	Waardenburg syndrome; craniofacial-deafness-hand syndrome	1	PAX3,ENSG00000135903.14,P23760,5077,HUP2
PAX5	paired box 5	COSG21945	9	36833272	37034103	9p13.2	y	n	NHL, ALL, B-ALL			L	Dom	oncogene, TSG, fusion	T, Mis, D, F, S	IGH, ETV6, PML, FOXP1, ZNF521, ELN	n		1	PAX5,ENSG00000196092.8,Q02548,5079,BSAP
PAX7	paired box 7	COSG32058	1	18957500	19075360	1p36.13	y	n	alveolar rhabdomyosarcoma			M	Dom	fusion	T	FOXO1	n		1	PAX7,ENSG00000009709.7,P23759,5081,Hup1
PAX8	paired box 8	COSG20950	2	113973574	114036527	2q13	y	n	follicular thyroid			E	Dom	fusion	T	PPARG	y	Thyroid dysgenesis	1	PAX8,ENSG00000125618.12,Q06710,7849
PBRM1	polybromo 1	COSG24832	3	52579368	52719933	3p21.1	y	n	clear cell renal carcinoma, breast			E	Rec	TSG	Mis, N, F, S, D, O		n		1	PBRM1,ENSG00000163939.14,Q86U86,55193,BAF180,PB1
PBX1	PBX homeobox 1	COSG312	1	164524821	164868533	1q23.3	y	n	pre B-ALL, myoepithelioma			L, M	Dom	oncogene, fusion	T	TCF3, EWSR1	n		1	PBX1,ENSG00000185630.14,P40424,5087
PCBP1	poly(rC) binding protein 1	COSG56013	2	70314585	70316332	2p13.3	y	n	CRC			E			Mis		n		2	PCBP1,ENSG00000169564.5,Q15365,5093,HNRPE1,HNRPX,hnRNP-E1,hnRNP-X
PCM1	pericentriolar material 1	COSG53782	8	17780349	17885478	8p22	y	n	papillary thyroid, CML, MPN			E, L	Dom	fusion	T	RET, JAK2	n		1	PCM1,ENSG00000078674.13,Q15154,5108,PTC4
PDCD1LG2	programmed cell death 1 ligand 2	COSG28016	9	5510545	5571282	9p24.1	y	n	PMBL, Hodgkin lymphoma			L	Dom	oncogene, fusion	T	CIITA	n		1	PDCD1LG2,ENSG00000197646.6,Q9BQ51,80380,B7-DC,Btdc,CD273,PD-L2,PDL2,bA574F11.2
PDE4DIP	phosphodiesterase 4D interacting protein	COSG7904	1	144836157	145076186	1q21.1	y	n	MPN			L	Dom	fusion	T	PDGFRB	n		1	PDE4DIP,ENSG00000178104.15,Q5VU43,9659,KIAA0454,KIAA0477,MMGL
PDGFB	platelet derived growth factor subunit B	COSG11947	22	39619364	39640756	22q13.1	y	n	DFSP			M	Dom	oncogene, fusion	T	COL1A1	n		1	PDGFB,ENSG00000100311.12,P01127,5155,SSV
PDGFRA	platelet derived growth factor receptor alpha	COSG38207	4	55095264	55164414	4q12	y	y	GIST, idiopathic hypereosinophilic syndrome, paediatric glioblastoma	GIST	familial gastrointestinal stromal tumour	L, M, O	Dom	oncogene, fusion	Mis, O, T	FIP1L1	n		1	PDGFRA,ENSG00000134853.7,P16234,5156,CD140a,GAS9,PDGFR2
PDGFRB	platelet derived growth factor receptor beta	COSG44710	5	149493400	149535435	5q32	y	n	MPN, AML, CMML, CML			L	Dom	oncogene, fusion	T	ETV6, TRIP11, HIP1, RABEP1, H4, NIN, SPECC1, PDE4DIP	n		1	PDGFRB,ENSG00000113721.9,P09619,5159,CD140b,JTK12,PDGFR1
PER1	period circadian regulator 1	COSG13837	17	8043790	8059824	17p13.1	y	n	AML, CMML			L	Dom	TSG, fusion	T	ETV6	n		1	PER1,ENSG00000179094.9,O15534,5187,RIGUI
PHF6	PHD finger protein 6	COSG17124	X	133507283	133562820	Xq26.2	y	n	ETP ALL			L	Rec	TSG	F, N, S, Mis		y	Boerjeson-Forssman-Lehmann syndrome	1	PHF6,ENSG00000156531.12,Q8IWS0,84295,CENP-31,KIAA1823,MGC14797
PHOX2B	paired like homeobox 2B	COSG50262	4	41746099	41750987	4p13	y	y	neuroblastoma	neuroblastoma	familial neuroblastoma	O	Rec	TSG	Mis, F		y	Congenital central hypoventilation syndrome	1	PHOX2B,ENSG00000109132.5,Q99453,8929,NBPhox,Phox2b
PICALM	phosphatidylinositol binding clathrin assembly protein	COSG30368	11	85668727	85780924	11q14.2	y	n	T-ALL, AML			L	Dom	fusion	T	MLLT10, KMT2A	n		1	PICALM,ENSG00000073921.13,Q13492,8301,CALM,CLTH
PIK3CA	phosphatidylinositol-4,5-bisphosphate 3-kinase catalytic subunit alpha	COSG20089	3	178865902	178957881	3q26.32	y	n	colorectal, gastric, glioblastoma, breast			E, O	Dom	oncogene	Mis		n		1	PIK3CA,ENSG00000121879.3,P42336,5290,PI3K
PIK3CB	phosphatidylinositol-4,5-bisphosphate 3-kinase catalytic subunit beta	COSG28734	3	138372860	138553780	3q22.3	y	n	SCC, NSCLC			E		oncogene	Mis		n		1	PIK3CB,ENSG00000051382.4,P42338,5291
PIK3R1	phosphoinositide-3-kinase regulatory subunit 1	COSG17569	5	67511548	67597649	5q13.1	y	n	glioblastoma, ovarian, colorectal			E, O	Rec	TSG	Mis, F, O		n		1	PIK3R1,ENSG00000145675.10,P27986,5295,GRB1,p85,p85-ALPHA
PIK3R2	phosphoinositide-3-kinase regulatory subunit 2	COSG20116	19	18263928	18281350	19p13.11	y	n	ovarian carcinoma			E		oncogene	A, Mis, F		y	Megalencephaly-polymicrogyria-polydactyly-hydrocephalus syndrome 1	2	PIK3R2,ENSG00000105647.10,O00459,5296,P85B,p85
PIK3R3	phosphoinositide-3-kinase regulatory subunit 3	COSG3586	1	46505812	46642160	1p34.1	y	n	epithelial ovarian cancer, glioblastoma, pancreatic ductal adenocarcinoma			E, O			A, D, F, Mis		n		2	PIK3R3,ENSG00000117461.10,Q92569,8503,p55
PIM1	Pim-1 proto-oncogene, serine/threonine kinase	COSG48961	6	37137979	37143202	6p21.2	y	n	NHL			L	Dom	oncogene, fusion	T, Mis	BCL6	n		1	PIM1,ENSG00000137193.9,P11309,5292
PLAG1	PLAG1 zinc finger	COSG37696	8	57073463	57123883	8q12.1	y	n	salivary adenoma, lipoblastoma			E	Dom	oncogene, fusion	T	TCEA1, LIFR, CTNNB1, CHCHD7, COL1A2, HAS2	n		1	PLAG1,ENSG00000181690.3,Q6DJT9,5324,ZNF912
PLCG1	phospholipase C gamma 1	COSG23007	20	39765600	39811629	20q12	y	n	angiosarcoma			E	Dom	oncogene, fusion	Mis, T		n		1	PLCG1,ENSG00000124181.10,P19174,5335,NCKAP3,PLC-II,PLC148,PLCgamma1
PLEC	plectin	COSG29151	8	144989321	145050902	8q24.3	y	n	breast carcinoma			E		fusion	T	ENPP2	n		2	PLEC,ENSG00000178209.10,Q15149,5339,PCN,PLTN
PML	promyelocytic leukemia	COSG36561	15	74287014	74340153	15q24.1	y	n	APL, ALL			L	Dom	TSG, fusion	T	RARA, PAX5	n		1	PML,ENSG00000140464.15,P29590,5371,MYL,RNF71,TRIM19
PMS1	PMS1 homolog 1, mismatch repair system component	COSG11267	2	190649107	190742355	2q32.2	n	y		colorectal, endometrial, ovarian	hereditary non-polyposis colorectal cancer	E	Rec		Mis, N		n		2	PMS1,ENSG00000064933.12,P54277,5378,MLH2
PMS2	PMS1 homolog 2, mismatch repair system component	COSG538	7	6012870	6048756	7p22.1	n	y		colorectal, endometrial, medulloblastoma, glioma	Lynch syndrome 4, mismatch repair syndrome 4	E	Rec	TSG	Mis, N, F		n		1	PMS2,ENSG00000122512.10,P54278,5395,HNPCC4,H_DJ0042M02.9,MLH4
POLD1	DNA polymerase delta 1, catalytic subunit	COSG55479	19	50887461	50921273	19q13.33	y	y	CRC	CRC	Lynch syndrome	E		TSG	Mis		n		1	POLD1,ENSG00000062822.8,P28340,5424,CDC2
POLE	DNA polymerase epsilon, catalytic subunit	COSG26071	12	133200348	133263951	12q24.33	y	y	colorectal carcinoma, endometrioid carcinoma, stomach carcinoma, skin cancer	colorectal cancer susceptibility		E	Rec	TSG	Mis		y	FILS syndrome	1	POLE,ENSG00000177084.12,Q07864,5426,POLE1
POLG	DNA polymerase gamma, catalytic subunit	COSG55177	15	89859534	89878092	15q26.1	y	n	CRC			E		TSG	N, O		y	mitochondrial DNA depletion syndrome	2	POLG,ENSG00000140521.7,P54098,5428,POLG1,POLGA
POLQ	DNA polymerase theta	COSG24721	3	121150278	121264853	3q13.33	y	y	oral SCC	breast cancer		E		oncogene, TSG	Mis		n		1	POLQ,ENSG00000051341.9,O75417,10721,POLH
POLR2A	RNA polymerase II subunit A	COSG51385	17	7387685	7417933	17p13.1	y	n	meningioma			O			Mis, O		n	Neurodevelopmental syndrome with hypotonia	2	POLR2A,ENSG00000181222.10,P24928,5430,POLRA,RPB1
POT1	protection of telomeres 1	COSG24839	7	124462440	124570037	7q31.33	y	n	CLL			L	Dom	TSG	Mis, N		n		1	POT1,ENSG00000128513.10,Q9NUX5,25913,DKFZp586D211,hPot1
POU2AF1	POU class 2 associating factor 1	COSG22858	11	111222977	111326355	11q23.1	y	n	NHL			L	Dom	oncogene, fusion	T	BCL6	n		1	POU2AF1,ENSG00000110777.7,Q16633,5450,BOB1,OBF1
POU5F1	POU class 5 homeobox 1	COSG3732	6	31132119	31148508	6p21.33	y	n	sarcoma			M	Dom	oncogene, fusion	T	EWSR1	n		1	POU5F1,ENSG00000204531.11,Q01860,5460,MGC22487,OCT3,Oct4
PPARG	peroxisome proliferator activated receptor gamma	COSG27390	3	12328867	12475855	3p25.2	y	n	follicular thyroid			E	Dom	TSG, fusion	T	PAX8	y	Insulin resistance ; lipodystrophy, familial partial L;diabetes mellitus, insulin-resistantI, with acanthosis nigricans and hypertension	1	PPARG,ENSG00000132170.15,P37231,5468,NR1C3,PPARG1,PPARG2,PPARgamma
PPFIBP1	PPFIA binding protein 1	COSG11811	12	27676364	27848497	12p11.23	y	n	Spitzoid tumour, inflammatory myofibroblastic tumour			E, M	Dom	fusion	T	ROS1, ALK	n		1	PPFIBP1,ENSG00000110841.9,Q86W92,8496,L2,SGT2,hSGT2,hSgt2p
PPM1D	protein phosphatase, Mg2+/Mn2+ dependent 1D	COSG15648	17	58677544	58741849	17q23.2	y	n	glioma, ovarian cancer, breast cancer			E	Dom	oncogene	A, Mis, N, F		n		1	PPM1D,ENSG00000170836.7,O15297,8493,PP2C-DELTA,Wip1
PPP2R1A	protein phosphatase 2 scaffold subunit Aalpha	COSG33906	19	52693292	52730687	19q13.41	y	n	clear cell ovarian carcinoma			E	Dom	TSG	Mis		n		1	PPP2R1A,ENSG00000105568.13,P30153,5518,PP2A-Aalpha,PP2AA,PR65A
PPP6C	protein phosphatase 6 catalytic subunit	COSG20773	9	127908852	127952218	9q33.3	y	n	melanoma			E	Dom	TSG	Mis, N		n		1	PPP6C,ENSG00000119414.7,O00743,5537,PP6
PRCC	proline rich mitotic checkpoint control factor	COSG19761	1	156720402	156770607	1q23.1	y	n	papillary renal			E	Dom	fusion	T	TFE3	n		1	PRCC,ENSG00000143294.10,Q92733,5546,RCCP1
PRDM1	PR/SET domain 1	COSG1467	6	106534195	106557814	6q21	y	n	DLBCL			L	Rec	TSG	D, N, Mis, F, S		n		1	PRDM1,ENSG00000057657.10,O75626,639,PRDI-BF1
PRDM16	PR/SET domain 16	COSG47095	1	2985732	3355185	1p36.32	y	n	MDS, AML			L	Dom	oncogene, fusion	T	MECOM	n		1	PRDM16,ENSG00000142611.12,Q9HAZ2,63976,KIAA1675,KMT8F,MEL1,MGC166915,PFM13
PRDM2	PR/SET domain 2	COSG40375	1	14026693	14151574	1p36.21	y	n	glioma, colon adenocarcinoma, gastric carcinoma, ovarian carcinoma, HNSCC			E, O		TSG	O, F		n		2	PRDM2,ENSG00000116731.18,Q13029,7799,HUMHOXY1,KMT8,KMT8A,MTB-ZF,RIZ,RIZ1,RIZ2
PREX2	phosphatidylinositol-3,4,5-trisphosphate dependent Rac exchange factor 2	COSG18648	8	68864353	69149265	8q13.2	y	n	melanoma, pancreatic ductal adenocarcinoma			E	Dom	oncogene	Mis, N		n		1	PREX2,ENSG00000046889.14,Q70Z35,80243,DEP.2,FLJ12987,P-REX2,PPP1R129
PRF1	perforin 1	COSG57123	10	72357104	72362531	10q22.1	n	y		various leukaemia, lymphoma		L	Rec	TSG	Mis		y	Type 2 familial haemophagocytic lymphohistiocytosis	1	PRF1,ENSG00000180644.6,P14222,5551,HPLH2,P1,PFP
PRKACA	protein kinase cAMP-activated catalytic subunit alpha	COSG36091	19	14202500	14228896	19p13.12	y	n	fibrolamellar hepatocellular carcinoma, cortisol secreting adrenal adenoma			E	Dom	oncogene	T, Mis, N	DNAJB1	n		1	PRKACA,ENSG00000072062.9,P17612,5566,PKACa
PRKAR1A	protein kinase cAMP-dependent type I regulatory subunit alpha	COSG55206	17	66507921	66547460	17q24.2	y	y	papillary thyroid	myxoma, endocrine, papillary thyroid	Carney complex	E, M	Dom/Rec	oncogene, TSG, fusion	T, Mis, N, F, S	RET	n		1	PRKAR1A,ENSG00000108946.10,P10644,5573,CNC1
PRKCB	protein kinase C beta	COSG3907	16	23847322	24231932	16p12.2	y	n	adult T-cell lymphoma-leukaemia			L			Mis		n		2	PRKCB,ENSG00000166501.8,P05771,5579,PKC(beta)
PRKCI	protein kinase C iota	COSG17356	3	169940153	170023769	3q26.2	y	n	lung SCC, oesophageal cancer			E		oncogene	A		n		1	PRKCI,ENSG00000163558.8,P41743,5584,PKCI
PRKD1	protein kinase D1	COSG10147	14	30045687	30661104	14q12	y	n	cribriform adenocarcinoma of the minor salivary glands, polymorphous adenocarcinoma of the minor salivary glands			E		fusion	T	PRKAR2A, SNX9	n	Autosomal dominant polycystic kidney disease	2	PRKD1,ENSG00000184304.10,Q15139,5587,PKC-mu,PKCM,PKD
PRPF40B	pre-mRNA processing factor 40 homolog B	COSG54036	12	49962001	50038449	12q13.12	y	n	melanoma, colon carcinoma, MDS			E, L			F, N		n		2	PRPF40B,ENSG00000110844.9,25766,HYPC
PRRX1	paired related homeobox 1	COSG3194	1	170631869	170708560	1q24.2	y	n	AML			L	Dom	fusion	T	NUP98	n		1	PRRX1,ENSG00000116132.7,P54821,5396,PHOX1
PSIP1	PC4 and SFRS1 interacting protein 1	COSG30907	9	15464064	15511017	9p22.3	y	n	AML			L	Dom	oncogene, fusion	T	NUP98	n		1	PSIP1,ENSG00000164985.10,O75475,11168,DFS70,LEDGF,p52,p75
PTCH1	patched 1	COSG11833	9	98205262	98279339	9q22.32	y	y	skin basal cell, medulloblastoma	skin basal cell, medulloblastoma	nevoid basal cell carcinoma syndrome	E, M	Rec	TSG	Mis, N, F, S		n		1	PTCH1,ENSG00000185920.11,Q13635,5727,BCNS
PTEN	phosphatase and tensin homolog	COSG24144	10	89622870	89731687	10q23.31	y	y	glioma, prostate, endometrial	harmartoma, glioma, prostate, endometrial	Cowden syndrome, Bannayan-Riley-Ruvalcaba syndrome	L, E, M, O	Dom	TSG	D, Mis, N, F, S		n		1	PTEN,ENSG00000171862.5,P60484,5728,MMAC1,PTEN1,TEP1
PTK6	protein tyrosine kinase 6	COSG4579	20	62159778	62168723	20q13.33	y	n	renal, gastric, head and neck, ovarian, others			E	Dom	oncogene, TSG	Mis, N		n		1	PTK6,ENSG00000101213.5,Q13882,5753,BRK
PTPN11	protein tyrosine phosphatase, non-receptor type 11	COSG4478	12	112856155	112947717	12q24.13	y	n	JMML, AML, MDS			L	Dom	oncogene	Mis		y	Noonan Syndrome	1	PTPN11,ENSG00000179295.11,Q06124,5781,BPTP3,PTP2C,SH-PTP2,SHP-2,SHP2
PTPN13	protein tyrosine phosphatase, non-receptor type 13	COSG36331	4	87515468	87736324	4q21.3	y	y	lung, NSCLC, gastric, peritoneal carcinomatosis	hepatocellular	Familial Hepatocellular Carcinoma	E	Rec	TSG	Mis, N		n		1	PTPN13,ENSG00000163629.8,Q12923,5783,PTP-BAS,PTP-BL,PTP1E,PTPL1
PTPN6	protein tyrosine phosphatase, non-receptor type 6	COSG38978	12	7055631	7070479	12p13.31	y	n	DLBCL			L		TSG	Mis		n		2	PTPN6,ENSG00000111679.12,P29350,5777,HCP,HCPH,PTP-1C,SHP-1,SHP1
PTPRB	protein tyrosine phosphatase, receptor type B	COSG50634	12	70910630	71031220	12q15	y	n	angiosarcoma			E	Rec	TSG	N, Mis, S, F		n		1	PTPRB,ENSG00000127329.10,P23467,5787
PTPRC	protein tyrosine phosphatase, receptor type C	COSG13257	1	198607801	198726545	1q32.1	y	n	T-ALL			L	Rec	TSG	Mis, N, S		n		1	PTPRC,ENSG00000081237.14,5788,GP180,LCA,T200
PTPRD	protein tyrosine phosphatase, receptor type D	COSG31734	9	8314246	10612723	9p24.1	y	n	lung cancer, kidney cancer, HNSCC, glioblastoma			E, O		TSG	D, N, Mis		n		2	PTPRD,ENSG00000153707.11,P23468,5789,HPTP,PTPD
PTPRK	protein tyrosine phosphatase, receptor type K	COSG37213	6	128289924	128841870	6q22.33	y	n	colorectal			E	Dom	TSG, fusion	T	RSPO3	n		1	PTPRK,ENSG00000152894.10,Q15262,5796,R-PTP-kappa
PTPRT	protein tyrosine phosphatase, receptor type T	COSG41967	20	40701392	41818610	20q13.11	y	n	HNSCC, colorectal cancer, gastric cancer, lung cancer, melanoma			E		TSG	Mis, N		n		1	PTPRT,ENSG00000196090.8,O14522,11122,KIAA0283,RPTPrho
PWWP2A	PWWP domain containing 2A	COSG56691	5	159488808	159546430	5q33.3	y	n	Spitzoid tumour			E	Dom	fusion	T	ROS1	n		2	PWWP2A,ENSG00000170234.8,Q96N64,114825,KIAA1935
QKI	QKI, KH domain containing RNA binding	COSG426	6	163835032	163999628	6q26	y	n	angiocentric glioma, colorectal cancer			E, O	Dom	oncogene, TSG	Mis, F, T	MYB	n		1	QKI,ENSG00000112531.12,Q96PU8,9444,QK3
RABEP1	rabaptin, RAB GTPase binding effector protein 1	COSG16554	17	5185558	5289129	17p13.2	y	n	CMML			L	Dom	fusion	T	PDGFRB	n		1	RABEP1,ENSG00000029725.12,Q15276,9135,RAB5EP,RABPT5,neurocrescin,rabaptin-5
RAC1	Rac family small GTPase 1	COSG52343	7	6414154	6443608	7p22.1	y	n	melanoma, carcinoma			E	Dom	oncogene	Mis, F		n		1	RAC1,ENSG00000136238.13,P63000,5879,Rac-1,TC-25,p21-Rac1
RAD17	RAD17 checkpoint clamp loader component	COSG38905	5	68665120	68710628	5q13.2	y	n	lymphoma, colon cancer			E, L		TSG	D		n		2	RAD17,ENSG00000152942.14,O75943,5884,CCYC,RAD17Sp,Rad24
RAD21	RAD21 cohesin complex component	COSG32771	8	117858174	117887105	8q24.11	y	n	AML, endometrium, colorectal, lung			L, E	Rec	oncogene, TSG	Mis, N, F		y	Cornelia de Lange syndrome-4	1	RAD21,ENSG00000164754.8,O60216,5885,KIAA0078,SCC1,hHR21
RAD50	RAD50 double strand break repair protein	COSG54553	5	131891711	131980313	5q31.1	y	y	breast cancer	breast cancer		E		TSG	D, F, Mis, N, O		n		1	RAD50,ENSG00000113522.9,Q92878,10111,RAD50-2,hRad50
RAD51	RAD51 recombinase	COSG34220	15	40986972	41024354	15q15.1	y	n	lung adenocarcinoma			E		fusion, oncogene	T	EGFR	n		2	RAD51,ENSG00000051180.12,Q06609,5888,BRCC5,FANCR,HsRad51,HsT16930
RAD51B	RAD51 paralog B	COSG2896	14	68286496	69196935	14q24.1	y	n	lipoma, uterine leiomyoma			M	Dom	TSG, fusion	T	HMGA2	n		1	RAD51B,ENSG00000182185.14,O15315,5890,R51H2,REC2,hREC2
RAD51C	RAD51 paralog C	COSG1276	17	56769934	56811703	17q22	n	y		ovarian, breast	familial breast-ovarian cancer susceptibility 3, fanconi anaemia,	E		TSG	F, Mis, N, S		n		1	RAD51C,ENSG00000108384.10,O43502,5889,FANCO,RAD51L2
RAD51D	RAD51 paralog D	COSG5976	17	33426811	33448541	17q12	n	y		tubo-ovarian carcinoma		E		TSG	Mis, N, F		n		1	RAD51D,ENSG00000185379.16,O75771,5892,HsTRAD,R51H3,Trad
RAF1	Raf-1 proto-oncogene, serine/threonine kinase	COSG56002	3	12625100	12705725	3p25.2	y	n	pilocytic astrocytoma, prostate			O, E	Dom	oncogene, fusion	T, A	SRGAP3, ESRP1	n		1	RAF1,ENSG00000132155.7,P04049,5894,CRAF,Raf-1,c-Raf
RALGDS	ral guanine nucleotide dissociation stimulator	COSG10242	9	135973107	136039301	9q34.2	y	n	PMBL, Hodgkin lymphoma,			L	Dom	fusion	T	CIITA	n		2	RALGDS,ENSG00000160271.10,Q12967,5900,RGDS,RGF,RalGEF
RANBP2	RAN binding protein 2	COSG2425	2	109335937	109402267	2q12.3	y	n	inflammatory myofibroblastic tumour			M	Dom	TSG, fusion	T	ALK	n		1	RANBP2,ENSG00000153201.11,P49792,5903,ADANE,NUP358
RAP1B	RAP1B, member of RAS oncogene family	COSG40742	12	69004619	69054372	12q15	y	n	glioma			O		oncogene	A, Mis		n		2	RAP1B,ENSG00000127314.13,P61224,5908,DKFZp586H0723,K-REV,RAL1B
RAP1GDS1	Rap1 GTPase-GDP dissociation stimulator 1	COSG12472	4	99182535	99365012	4q23	y	n	T-ALL			L	Dom	oncogene, fusion	T	NUP98	n		1	RAP1GDS1,ENSG00000138698.10,P52306,5910,SmgGDS
RARA	retinoic acid receptor alpha	COSG29420	17	38465444	38513094	17q21.2	y	n	APL			L	Dom	oncogene, fusion	T	PML, ZBTB16, TRIM24, NUMA1, NPM1	n		1	RARA,ENSG00000131759.13,P10276,5914,NR1B1,RAR
RASA1	RAS p21 protein activator 1	COSG45119	5	86563705	86687748	5q14.3	y	n	lung SCC, oral SCC			E		TSG	N, F, S, Mis		n		1	RASA1,ENSG00000145715.10,P20936,5921,CM-AVM,GAP,p120,p120GAP,p120RASGAP
RB1	RB transcriptional corepressor 1	COSG50735	13	48877887	49056122	13q14.2	y	y	retinoblastoma, sarcoma, breast, small cell lung carcinoma	retinoblastoma, sarcoma, breast, small cell lung carcinoma	familial retinoblastoma	L, E, M, O	Rec	TSG	D, Mis, N, F, S		n		1	RB1,ENSG00000139687.9,P06400,5925,PPP1R130,RB
RBM10	RNA binding motif protein 10	COSG23450	X	47004268	47046212	Xp11.23	y	n	lung adenocarcinoma			E	Rec/X	TSG	Mis, F, N		y	TARP syndrome	1	RBM10,ENSG00000182872.11,P98175,8241,DXS8237E,GPATC9,GPATCH9,KIAA0122,S1-1,ZRANB5
RBM15	RNA binding motif protein 15	COSG17561	1	110881128	110889299	1p13.3	y	n	acute megakaryocytic leukaemia			L	Dom	fusion	T	MKL1	n		1	RBM15,ENSG00000162775.10,Q96T37,64783,OTT,OTT1
RECQL4	RecQ like helicase 4	COSG33708	8	145736667	145743229	8q24.3	n	y		osteosarcoma, skin basal cell, skin squamous cell	Rothmund-Thompson syndrome	M	Rec	oncogene, TSG	N, F, S		n		1	RECQL4,ENSG00000160957.8,9401,RecQ4
REL	REL proto-oncogene, NF-kB subunit	COSG13914	2	61108656	61158745	2p16.1	y	n	DLBCL, follicular lymphoma, Hodgkin lymphoma, PMBL			L	Dom	oncogene	A		n		1	REL,ENSG00000162924.9,Q04864,5966,I-Rel,c-Rel
RELA	RELA proto-oncogene, NF-kB subunit	COSG26184	11	65421067	65430565	11q13.1	y	n	supratentorial ependymoma			O		fusion, oncogene	T	ZFTA	n		1	RELA,ENSG00000173039.14,Q04206,5970,p65
RET	ret proto-oncogene	COSG36511	10	43572475	43625799	10q11.21	y	y	medullary thyroid, papillary thyroid, pheochromocytoma, NSCLC, Spitzoid tumour	medullary thyroid,  papillary thyroid, pheochromocytoma	multiple endocrine neoplasia 2A/2B	E, O	Dom	oncogene, fusion	T, Mis, N, F	H4, PRKAR1A, NCOA4, PCM1, GOLGA5, TRIM33, KTN1, TRIM27, HOOK3, KIF5B, CCDC6	y	Hirschsprung disease	1	RET,ENSG00000165731.13,P07949,5979,CDHF12,CDHR16,PTC,RET51
RFWD3	ring finger and WD repeat domain 3	COSG44011	16	74655292	74700779	16q23.1	y	y	lung cancer		Fanconi anemia W	E		TSG	D		n		2	RFWD3,ENSG00000168411.9,Q6PCD5,55159,FANCW,FLJ10520,RNF201
RGPD3	RANBP2-like and GRIP domain containing 3	COSG37363	2	107021446	107084832	2q12.2	y	n	endometrioid adenocarcinoma			E			Mis		n		2	RGPD3,ENSG00000153165.14,A6NKT7,653489,RGP3
RGS7	regulator of G protein signaling 7	COSG32223	1	240931554	241520530	1q43	y	n	melanoma			E			Mis		n		2	RGS7,ENSG00000182901.11,P49802,6000
RHOA	ras homolog family member A	COSG1698	3	49396578	49450431	3p21.31	y	n	diffuse gastric, T cell lymphomas, paediatric Burkitt lymphoma			E, L	Dom	oncogene, TSG	Mis, F, O		n		1	RHOA,ENSG00000067560.6,P61586,387,RHOH12,Rho12,RhoA
RHOH	ras homolog family member H	COSG27248	4	40192673	40248587	4p14	y	n	NHL			L	Dom	TSG, fusion	T	BCL6	n		1	RHOH,ENSG00000168421.8,Q15669,399,RhoH,TTF
RICTOR	RPTOR independent companion of MTOR complex 2	COSG33197	5	38938021	39074510	5p13.1	y	n	lung SCC			E		oncogene	A		n		1	RICTOR,ENSG00000164327.8,Q6R327,253260,AVO3,KIAA1999,MGC39830,PIA
RMI2	RecQ mediated genome instability 2	COSG19972	16	11343476	11445619	16p13.13	y	n	PMBL, Hodgkin lymphoma			L	Dom	TSG, fusion	T	CIITA	n		1	RMI2,ENSG00000175643.7,Q96E14,116028,BLAP18,MGC24665
RNF213	ring finger protein 213	COSG46160	17	78234665	78372586	17q25.3	y	n	ALCL			L	Dom	fusion	T	ALK	n		1	RNF213,ENSG00000173821.15,Q63HN8,57674,ALO17,KIAA1554,NET57
RNF43	ring finger protein 43	COSG43496	17	56429861	56494956	17q22	y	n	cholangiocarcinoma, ovary, pancreas			E	Rec	TSG	Mis, N, F, S		n		1	RNF43,ENSG00000108375.8,Q68DV7,54894,DKFZp781H0392,FLJ20315,URCC
ROBO2	roundabout guidance receptor 2	COSG29155	3	75955846	77699115	3p12.3	y	n	colorectal adenocarcinoma, melanoma			E		TSG	F		n		2	ROBO2,ENSG00000185008.13,Q9HCK4,6092,KIAA1568
ROCK1	Rho associated coiled-coil containing protein kinase 1	COSG53729	18	18526867	18691812	18q11.1	y	n	pancreatic ductal adenocarcinoma			E		oncogene	A		n		2	ROCK1,ENSG00000067900.6,Q13464,6093,p160ROCK
ROS1	ROS proto-oncogene 1, receptor tyrosine kinase	COSG3342	6	117609463	117747018	6q22.1	y	n	glioblastoma, NSCLC, Spitzoid tumour, cholangiocarcinoma, borderline ovarian			O, E	Dom	oncogene, fusion	T	GOPC, SDC4, SLC34A2, EZR, LRIG3, HLA-A, MYO5A, PPFIBP1, ERC1, CLIP1, TPM3, ZCCHHC8, KIAA1598, PWWP2A	n		1	ROS1,ENSG00000047936.6,P08922,6098,MCF3,ROS,c-ros-1
RPL10	ribosomal protein L10	COSG32586	X	153618315	153637504	Xq28	y	n	T-ALL			L	Dom	TSG	Mis		n		1	RPL10,ENSG00000147403.12,P27635,6134,DXS648,DXS648E,FLJ23544,L10,NOV,QM
RPL22	ribosomal protein L22	COSG41070	1	6241329	6269449	1p36.31	y	n	AML, CML			L	Dom	TSG, fusion	T	RUNX1	n		1	RPL22,ENSG00000116251.5,P35268,6146,EAP,L22
RPL5	ribosomal protein L5	COSG20158	1	93297582	93307481	1p22.1	y	n	T-ALL			L	Dom	TSG	Mis, N, F		y	Diamond-Blackfan anaemia	1	RPL5,ENSG00000122406.8,P46777,6083,L5,PPP1R135,uL18
RPN1	ribophorin I	COSG15048	3	128338817	128399918	3q21.3	y	n	AML			L	Dom	fusion	T	MECOM	n		1	RPN1,ENSG00000163902.7,P04843,6184,OST1
RRAS2	RAS related 2	COSG341	11	14299472	14386052	11p15.2	y	n	intracranial germ cell tumour			O		oncogene	Mis		n		1	RRAS2,ENSG00000133818.8,P62070,22800,TC21
RSPO2	R-spondin 2	COSG14311	8	108911544	109095913	8q23.1	y	n	colorectal			E	Dom	TSG, fusion	T	EIF3E	n		1	RSPO2,ENSG00000147655.6,Q6UXX9,340419,MGC35555
RSPO3	R-spondin 3	COSG53511	6	127439749	127518910	6q22.33	y	n	colorectal			E	Dom	oncogene, fusion	T	PTPRK	n		1	RSPO3,ENSG00000146374.9,Q9BXY4,84870,FLJ14440
RUNX1	runt related transcription factor 1	COSG26337	21	36160098	37376965	21q22.12	y	n	AML, pre B-ALL, T-ALL			L	Dom	oncogene, TSG, fusion	T	RPL22, MECOM, CBFA2T3, RUNX1T1, ETV6, AFF3	n		1	RUNX1,ENSG00000159216.14,Q01196,861,AMLCR1,PEBP2A2
RUNX1T1	RUNX1 translocation partner 1	COSG30725	8	92967203	93115514	8q21.3	y	n	AML			L	Dom	oncogene, TSG, fusion	T	KMT2A, RUNX1	n		1	RUNX1T1,ENSG00000079102.12,Q06455,862,CDR,ETO,MTG8,ZMYND2
RXRA	retinoid X receptor alpha	COSG37898	9	137208944	137332431	9q34.2	y	n	bladder carcinoma			E		TSG	F, Mis, N		n		1	RXRA,ENSG00000186350.8,P19793,6256,NR2B1
S100A7	S100 calcium binding protein A7	COSG54250	1	153430220	153433177	1q21.3	y	n	melanoma, T-cell lymphoma			L, O		fusion	T	VAV1	n		2	S100A7,ENSG00000143556.4,P31151,6278,S100A7c
SALL4	spalt like transcription factor 4	COSG33787	20	50400581	50419059	20q13.2	y	n	colorectal cancer, breast cancer, prostate cancer, glioblastoma, melanoma			E		oncogene	Mis, F		n	Duane-radial ray syndrome	1	SALL4,ENSG00000101115.8,Q9UJQ4,57167,ZNF797,dJ1112F19.1
SBDS	SBDS, ribosome maturation factor	COSG28814	7	66452664	66460588	7q11.21	n	y		AML, MDS	Schwachman-Diamond syndrome	L	Rec	TSG	F, N, O		n		1	SBDS,ENSG00000126524.5,Q9Y3A5,51119,CGI-97,FLJ10917,SDS,SWDS
SDC4	syndecan 4	COSG13336	20	43953928	43977064	20q13.12	y	n	NSCLC			E	Dom	fusion	T	ROS1	n		1	SDC4,ENSG00000124145.5,P31431,6385,SYND4,amphiglycan,ryudocan
SDHA	succinate dehydrogenase complex flavoprotein subunit A	COSG19014	5	218356	256815	5p15.33	y	y	GIST, paraganglioma	paraganglioma	paragangliomas-5 (PGL5)	M, O	Rec	TSG	Mis, N		n		1	SDHA,ENSG00000073578.12,P31040,6389,FP,SDHF
SDHAF2	succinate dehydrogenase complex assembly factor 2	COSG19800	11	61197514	61215001	11q12.2	n	y		paraganglioma	paraganglioma syndrome 2	M	Rec	TSG	Mis		n		1	SDHAF2,ENSG00000167985.2,Q9NX18,54949,FLJ20487,SDH5
SDHB	succinate dehydrogenase complex iron sulfur subunit B	COSG40405	1	17345217	17380665	1p36.13	n	y		paraganglioma, pheochromocytoma	familial paraganglioma	O	Rec	TSG	Mis, N, F		n		1	SDHB,ENSG00000117118.5,P21912,6390
SDHC	succinate dehydrogenase complex subunit C	COSG48952	1	161284047	161332984	1q23.3	n	y		paraganglioma, pheochromocytoma	familial paraganglioma	O	Rec	TSG	Mis, N, F		n		1	SDHC,ENSG00000143252.10,Q99643,6391,CYB560,cybL
SDHD	succinate dehydrogenase complex subunit D	COSG15709	11	111957497	111990353	11q23.1	n	y		paraganglioma, pheochromocytoma	familial paraganglioma	O	Rec	TSG	Mis, N, F, S		n		1	SDHD,ENSG00000204370.4,O14521,6392,cybS
SEPT5	septin 5	COSG34944	22	19701987	19712295	22q11.21	y	n	AML			L	Dom	fusion	T	KMT2A	n		2	SEPT5,ENSG00000184702.13,Q99719,2812,H5,HCDCREL-1
SEPT6	septin 6	COSG12068	X	118749687	118827333	Xq24	y	n	AML			L	Dom	fusion	T	KMT2A	n		2	SEPT6,ENSG00000125354.18,Q14141,23157,KIAA0128,MGC16619,MGC20339,SEP2,SEPT2
SEPT9	septin 9	COSG33356	17	75276651	75496678	17q25.3	y	n	AML*			L	Dom	fusion	T	KMT2A	n		2	SEPT9,ENSG00000184640.13,Q9UHD8,10801,AF17q25,KIAA0991,MSF1,PNUTL4,SeptD1
SET	SET nuclear proto-oncogene	COSG48158	9	131445703	131458679	9q34.11	y	n	T-ALL			L	Dom	fusion	T	NUP214	n		1	SET,ENSG00000119335.12,Q01105,6418,2PP2A,IGAAD,IPP2A2,PHAPII,TAF-I,TAF-IBETA
SETBP1	SET binding protein 1	COSG27123	18	42260138	42648475	18q12.3	y	y	aCML, sAML, MDS/MPN-U, CMML, JMML	neuroepithelial tumours	Schinzel-Giedion syndrome	L	Dom	oncogene, fusion	Mis, T	NUP98	n		1	SETBP1,ENSG00000152217.12,Q9Y6X0,26040,KIAA0437,SEB
SETD1B	SET domain containing 1B	COSG38236	12	122242086	122270562	12q24.31	y	n	CRC, endometrium			E		TSG	D, F		n		2	SETD1B,ENSG00000139718.6,Q9UPS6,23067,KIAA1076,KMT2G,Set1B
SETD2	SET domain containing 2	COSG87	3	47057919	47205457	3p21.31	y	n	clear cell renal carcinoma			E	Rec	TSG	N, F, S, Mis		n		1	SETD2,ENSG00000181555.15,Q9BYW2,29072,FLJ23184,HIF-1,HYPB,KIAA1732,KMT3A
SETDB1	SET domain bifurcated 1	COSG17810	1	150898739	150937213	1q21.3	y	n	malignant mesothelioma			E		oncogene	F, Mis		n		2	SETDB1,ENSG00000143379.8,Q15047,9869,ESET,KG1T,KIAA0067,KMT1E,TDRD21
SF3B1	splicing factor 3b subunit 1	COSG34753	2	198254508	198299815	2q33.1	y	n	myelodysplastic syndrome			L	Dom	oncogene	Mis		n		1	SF3B1,ENSG00000115524.11,O75533,23451,Hsh155,PRPF10,Prp10,SAP155,SF3b155
SFPQ	splicing factor proline and glutamine rich	COSG11998	1	35641979	35658749	1p34.3	y	n	papillary renal			E	Dom	TSG, fusion	T	TFE3	n		1	SFPQ,ENSG00000116560.6,P23246,6421,PPP1R140,PSF
SFRP4	secreted frizzled related protein 4	COSG25504	7	37945543	38065297	7p14.1	y	n	colorectal cancer, melanoma, SCC, gastric cancer, oesophageal SCC			E	Rec	TSG	Mis		y	Pyle disease	1	SFRP4,ENSG00000106483.7,Q6FHJ7,6424,FRP-4,FRPHE,FRZB-2,frpHE
SGK1	serum/glucocorticoid regulated kinase 1	COSG9367	6	134490384	134639250	6q23.2	y	n	Nodular lymphocyte predominant Hodgkin lymphoma			L		oncogene	Mis		n		2	SGK1,ENSG00000118515.7,O00141,6446
SH2B3	SH2B adaptor protein 3	COSG15986	12	111843752	111889427	12q24.12	y	n	MPN, sAML, erythrocytosis, B-ALL			L	Rec	TSG	Mis, F, N		y	Coeliac disease type 13; diabetes mellitus, insulin-dependent;	1	SH2B3,ENSG00000111252.6,Q9UQQ2,10019,IDDM20,LNK
SH3GL1	SH3 domain containing GRB2 like 1, endophilin A2	COSG16945	19	4360367	4400544	19p13.3	y	n	AL			L	Dom	oncogene, fusion	T	KMT2A	n		1	SH3GL1,ENSG00000141985.5,Q99961,6455,CNSA1,EEN,MGC111371,SH3D2B,SH3P8
SHTN1	shootin 1	COSG52787	10	118643742	118886097	10q25.3	y	n	Spitzoid tumour			E	Dom	fusion	T	ROS1	n		2	SHTN1,ENSG00000187164.13,A0MZ66,57698,shootin-1,shootin1
SIRPA	signal regulatory protein alpha	COSG14773	20	1875154	1920543	20p13	y	n	HNSCC, colorectal cancer, Lung SCC			E		TSG	O, F		n		2	SIRPA,ENSG00000198053.7,P78324,140885,BIT,CD172a,MFR,MYD-1,P84,SHPS-1,SHPS1,SIRP,SIRP-ALPHA-1,SIRPalpha,SIRPalpha2
SIX1	SIX homeobox 1	COSG4158	14	61110133	61124977	14q23.1	y	n	Wilms tumour			O		oncogene	Mis		n		1	SIX1,ENSG00000126778.7,Q15475,6495
SIX2	SIX homeobox 2	COSG3041	2	45232300	45236569	2p21	y	n	Wilms tumour			O		oncogene	Mis		n		2	SIX2,ENSG00000170577.7,Q9NPC8,10736
SKI	SKI proto-oncogene	COSG42780	1	2160134	2241558	1p36.33	y	n	melanoma			E		oncogene	Mis		n		2	SKI,ENSG00000157933.9,P12755,6497
SLC34A2	solute carrier family 34 member 2	COSG45567	4	25656923	25680370	4p15.2	y	n	NSCLC			E	Dom	TSG, fusion	T	ROS1	n		1	SLC34A2,ENSG00000157765.7,O95436,10568,NAPI-3B
SLC45A3	solute carrier family 45 member 3	COSG32348	1	205626979	205649587	1q32.1	y	n	prostate			E	Dom	fusion	T	ETV1, ETV5, ELK4, ERG, BRAF	n		1	SLC45A3,ENSG00000158715.5,Q96JT2,85414,IPCA-2,IPCA-6,IPCA-8,prostein
SMAD2	SMAD family member 2	COSG47412	18	45357922	45457515	18q21.1	y	n	colorectal carcinoma, hepatocellular carcinoma			E	Rec	TSG	Mis, N		n		1	SMAD2,ENSG00000175387.11,Q15796,4087,JV18-1,MADR2
SMAD3	SMAD family member 3	COSG21990	15	67356101	67487533	15q22.33	y	n	colorectal carcinoma, oral squamous cell carcinoma			E	Rec	TSG	Mis		n		1	SMAD3,ENSG00000166949.11,P84022,4088,HsT17436,JV15-2
SMAD4	SMAD family member 4	COSG37805	18	48494410	48611415	18q21.2	y	y	colorectal, pancreatic, small intestine	gastrointestinal polyp	juvenile polyposis	E	Rec	TSG	D, Mis, N, F		n		1	SMAD4,ENSG00000141646.9,Q13485,4089,DPC4
SMARCA4	SWI/SNF related, matrix associated, actin dependent regulator of chromatin, subfamily a, member 4	COSG50909	19	11071598	11176071	19p13.2	y	n	NSCLC, SCCOHT			E	Rec	TSG	F, N, Mis, S		n		1	SMARCA4,ENSG00000127616.13,P51532,6597,BAF190,BRG1,FLJ39786,SNF2,SNF2-BETA,SNF2LB,SWI2,hSNF2b
SMARCB1	SWI/SNF related, matrix associated, actin dependent regulator of chromatin, subfamily b, member 1	COSG26972	22	24129150	24176703	22q11.23	y	y	malignant rhabdoid	malignant rhabdoid	rhabdoid predisposition syndrome	M	Rec	TSG	D, N, F, S		n		1	SMARCB1,ENSG00000099956.13,Q12824,6598,BAF47,Ini1,PPP1R144,RDT,SNF5,Sfh1p,Snr1,hSNFS
SMARCD1	SWI/SNF related, matrix associated, actin dependent regulator of chromatin, subfamily d, member 1	COSG30645	12	50478755	50494495	12q13.12	y	n	breast			E	Rec	TSG	N		n		2	SMARCD1,ENSG00000066117.10,Q96GM5,6602,BAF60A,CRACD1,Rsc6p
SMARCE1	SWI/SNF related, matrix associated, actin dependent regulator of chromatin, subfamily e, member 1	COSG14902	17	38781214	38804760	17q21.2	n	y		clear cell meningioma	familial meningioma	O	Rec	TSG	F, N, S, Mis		n		1	SMARCE1,ENSG00000073584.14,Q969G3,6605,BAF57
SMC1A	structural maintenance of chromosomes 1A	COSG23872	X	53401070	53449677	Xp11.22	y	n	AML			L		TSG	Mis		y	Cornelia de Lange syndrome 	2	SMC1A,ENSG00000072501.13,Q14683,8243,DXS423E,KIAA0178,SB1.8,Smcb
SMO	smoothened, frizzled class receptor	COSG50066	7	128828713	128853386	7q32.1	y	n	skin basal cell			E	Dom	oncogene	Mis		n		1	SMO,ENSG00000128602.5,Q99835,6608,FZD11
SND1	staphylococcal nuclease and tudor domain containing 1	COSG36328	7	127292234	127732661	7q32.1	y	n	pancreas acinar carcinoma			E	Dom	oncogene, fusion	T	BRAF	n		1	SND1,ENSG00000197157.6,Q7KZF4,27044,TDRD11,p100
SNX29	sorting nexin 29	COSG48838	16	12070594	12668146	16p13.13	y	n	PMBL, Hodgkin lymphoma			L	Dom	fusion	T	CIITA	n		2	SNX29,ENSG00000048471.9,Q8TEQ0,92017,FLJ12363
SOCS1	suppressor of cytokine signaling 1	COSG38637	16	11348262	11350036	16p13.13	y	n	Hodgkin lymphoma, PMBL			L	Rec	TSG	F, O		n		1	SOCS1,ENSG00000185338.4,O15524,8651,Cish1,JAB,SOCS-1,SSI-1,TIP3
SOS1	SOS Ras/Rac guanine nucleotide exchange factor 1	COSG4989	2	39208537	39351486	2p22.1	y	n	lung adenocarcinoma, follicular thyroid adenoma			E, O		oncogene, fusion	Mis, T	ALK	y	Noonan Syndrome	1	SOS1,ENSG00000115904.8,Q07889,6654,GF1,HGF
SOX2	SRY-box 2	COSG52151	3	181429714	181432221	3q26.33	y	n	NSCLC, oesophageal squamous cell carcinoma			E	Dom	oncogene	A		y	Microphthalmia and oesophageal atresia syndrome 	1	SOX2,ENSG00000181449.2,P48431,6657
SOX21	SRY-box 21	COSG46821	13	95361886	95364389	13q32.1	y	n	multiple myeloma			L		TSG	D		n		2	SOX21,ENSG00000125285.4,Q9Y651,11166,SOX25
SPECC1	sperm antigen with calponin homology and coiled-coil domains 1	COSG35434	17	19912657	20222339	17p11.2	y	n	JMML			L	Dom	fusion	T	PDGFRB	n		2	SPECC1,ENSG00000128487.12,Q5M775,92521,FLJ36955,HCMOGT-1,NSP
SPEN	spen family transcriptional repressor	COSG47243	1	16174359	16266955	1p36.21	y	n	SMZL, adenoid cystic carcinoma, DLBCL			L	Rec	TSG	F, Mis, N		n		1	SPEN,ENSG00000065526.6,Q96T58,23013,KIAA0929,MINT,RBM15C,SHARP
SPOP	speckle type BTB/POZ protein	COSG49599	17	47676246	47755596	17q21.33	y	y	prostate, endometrial	prostate cancer		E	Rec	TSG	Mis		n		1	SPOP,ENSG00000121067.13,O43791,8405,BTBD32,TEF2
SRC	SRC proto-oncogene, non-receptor tyrosine kinase	COSG54973	20	35973088	36034453	20q11.23	y	n	colorectal cancer, endometrial carcinoma			E	Dom	oncogene	Mis, N		n		1	SRC,ENSG00000197122.7,P12931,6714,ASV,c-src
SRGAP3	SLIT-ROBO Rho GTPase activating protein 3	COSG526	3	9022275	9404737	3p25.3	y	n	pilocytic astrocytoma			O	Dom	fusion	T	RAF1	n		2	SRGAP3,ENSG00000196220.11,O43295,9901,ARHGAP14,KIAA0411,MEGAP,WRP
SRSF2	serine and arginine rich splicing factor 2	COSG35671	17	74730197	74733456	17q25.1	y	n	MDS, CLL			L	Dom	oncogene	Mis		n		1	SRSF2,ENSG00000161547.10,Q01130,6427,PR264,SC-35,SC35,SFRS2A
SRSF3	serine and arginine rich splicing factor 3	COSG8833	6	36562145	36573377	6p21.31	y	n	follicular lymphoma			L	Dom	oncogene, fusion	T	BCL6	n		1	SRSF3,ENSG00000112081.12,P84103,6428,SRp20
SS18	SS18, nBAF chromatin remodeling complex subunit	COSG18091	18	23596578	23671181	18q11.2	y	n	synovial sarcoma			M	Dom	fusion	T	SSX1,  SSX2, SSX4	n		1	SS18,ENSG00000141380.9,Q15532,6760,SYT
SS18L1	SS18L1, nBAF chromatin remodeling complex subunit	COSG15864	20	60718822	60757540	20q13.33	y	n	synovial sarcoma			M	Dom	fusion	T	SSX1	n		1	SS18L1,ENSG00000184402.10,O75177,26039,CREST,KIAA0693
SSX1	SSX family member 1	COSG49421	X	48114752	48126879	Xp11.23	y	n	synovial sarcoma			M	Dom	oncogene, fusion	T	SS18	n		1	SSX1,ENSG00000126752.7,Q16384,6756,CT5.1
SSX2	SSX family member 2	COSG49630	X	52725946	52736239	Xp11.22	y	n	synovial sarcoma			M	Dom	oncogene, fusion	T	SS18	n		1	SSX2,ENSG00000241476.3,Q16385,6757,CT5.2a,HD21,HOM-MEL-40,MGC119055,MGC15364,MGC3884
SSX4	SSX family member 4	COSG3765	X	48242863	48252785	Xp11.23	y	n	synovial sarcoma			M	Dom	oncogene, fusion	T	SS18	n		1	SSX4,ENSG00000204645.4,O60224,6759,CT5.4
STAG1	stromal antigen 1	COSG7676	3	136055077	136471220	3q22.3	y	n	colorectal cancer, AML			E, L		TSG	Mis, N		n		2	STAG1,ENSG00000118007.8,Q8WVM7,10274,SA-1,SA1,SCC3A
STAG2	stromal antigen 2	COSG26186	X	123094062	123556514	Xq25	y	n	bladder carcinoma, glioblastoma, melanoma, Ewing's sarcoma, myeloid neoplasms			E, L, M, O	Rec	TSG	Mis, N, F, S		n		1	STAG2,ENSG00000101972.14,Q8N3U4,10735,SA-2,SA2,SCC3B
STAT3	signal transducer and activator of transcription 3	COSG43628	17	40465342	40540586	17q21.2	y	y	T-cell large granular lymphocytic leukaemia	paediatric large granular lymphocytic leukaemia		L	Dom	oncogene	Mis,O		y	IPEX-like syndrome	1	STAT3,ENSG00000168610.10,P40763,6774,APRF
STAT5B	signal transducer and activator of transcription 5B	COSG13379	17	40351186	40428725	17q21.2	y	n	large granular lymphocytic leukaemia, skin basal cell, APL			L, E	Dom	oncogene, TSG, fusion	Mis, O, T	RARA	y	IPEX-like syndrome	1	STAT5B,ENSG00000173757.5,P51692,6777
STAT6	signal transducer and activator of transcription 6	COSG591	12	57489191	57525922	12q13.3	y	n	solitary fibrous tumour, meningeal haemangiopericytoma			M, O	Dom	oncogene, fusion	T	NAB2	n		1	STAT6,ENSG00000166888.6,P42226,6778,D12S1644,IL-4-STAT
STIL	STIL, centriolar assembly protein	COSG26963	1	47715811	47779819	1p33	y	n	T-ALL			L	Dom	oncogene, fusion	T	TAL1	n		1	STIL,ENSG00000123473.11,Q15468,6491,MCPH7
STK11	serine/threonine kinase 11	COSG6606	19	1189406	1228428	19p13.3	y	y	NSCLC, pancreatic	jejunal hamartoma, ovarian, testicular, pancreatic	Peutz-Jeghers syndrome	E, M, O	Rec	TSG	D, Mis, N, F, S		n		1	STK11,ENSG00000118046.10,Q15831,6794,LKB1,PJS
STRN	striatin	COSG11124	2	37070783	37193615	2p22.2	y	n	anaplastic thyroid, papillary thyroid, lung			E	Dom	fusion	T	ALK	n		1	STRN,ENSG00000115808.7,O43815,6801,PPP2R6A,STRN1
SUB1	SUB1 homolog, transcriptional regulator	COSG7421	5	32531739	32604185	5p13.3	y	n	lung cancer			E			A		n		2	SUB1,ENSG00000113387.7,P53999,10923,PC4,p14,p15
SUFU	SUFU negative regulator of hedgehog signaling	COSG6011	10	104263744	104393292	10q24.32	y	y	medulloblastoma	medulloblastoma	medulloblastoma predisposition	O	Rec	TSG	D, F, S		n		1	SUFU,ENSG00000107882.7,Q9UMX1,51684,PRO1280,SUFUH,SUFUXL
SUZ12	SUZ12, polycomb repressive complex 2 subunit	COSG53219	17	30264037	30328064	17q11.2	y	n	endometrial stromal tumour			M	Dom	oncogene, TSG, fusion	T	JAZF1	n		1	SUZ12,ENSG00000178691.6,Q15022,23512,CHET9,JJAZ1,KIAA0160
SYK	spleen associated tyrosine kinase	COSG33321	9	93564069	93660831	9q22.2	y	n	MDS, peripheral T-cell lymphoma			L	Dom	oncogene, fusion	T	ETV6, ITK	n		1	SYK,ENSG00000165025.10,P43405,6850
TAF15	TATA-box binding protein associated factor 15	COSG7693	17	34136459	34191619	17q12	y	n	extraskeletal myxoid chondrosarcoma, ALL			L, M	Dom	oncogene, fusion	T	NR4A3, CHN1, ZNF384	n		1	TAF15,ENSG00000172660.7,Q92804,8148,Npl3,RBP56,hTAFII68
TAL1	TAL bHLH transcription factor 1, erythroid differentiation factor	COSG26655	1	47681962	47697892	1p33	y	n	lymphoblastic leukaemia/biphasic			L	Dom	oncogene, fusion	T	TRD, STIL	n		1	TAL1,ENSG00000162367.7,P17542,6886,SCL,bHLHa17
TAL2	TAL bHLH transcription factor 2	COSG39356	9	108424738	108425367	9q31.2	y	n	T-ALL			L	Dom	oncogene, fusion	T	TRB	n		1	TAL2,ENSG00000186051.4,Q16559,6887,bHLHa19
TBL1XR1	transducin beta like 1 X-linked receptor 1	COSG44234	3	176737143	176915261	3q26.32	y	n	splenic marginal zone lymphoma, primary central nervous system lymphoma, colorectal carcinoma, gallbladder carcinoma			L, E, M	Rec	oncogene, TSG, fusion	F, Mis, T		n		1	TBL1XR1,ENSG00000177565.11,Q9BZK7,79718,C21,DC42,FLJ12894,IRA1,TBLR1
TBX3	T-box 3	COSG47020	12	115108059	115121969	12q24.21	y	n	breast, large intestine, skin			E	Dom	oncogene, TSG	Mis, N, F, O		y	ulnar-mammary syndrome	1	TBX3,ENSG00000135111.10,O15119,6926,TBX3-ISO,XHL
TCEA1	transcription elongation factor A1	COSG55627	8	54879112	54935089	8q11.23	y	n	salivary adenoma			E	Dom	fusion	T	PLAG1	n		1	TCEA1,ENSG00000187735.8,P23193,6917,SII,TF2S,TFIIS
TCF12	transcription factor 12	COSG29809	15	57210821	57591479	15q21.3	y	n	extraskeletal myxoid chondrosarcoma			M	Dom	fusion	T	NR4A3	n		1	TCF12,ENSG00000140262.13,Q99081,6938,HEB,HTF4,HsT17266,bHLHb20,p64
TCF3	transcription factor 3	COSG52156	19	1609291	1652604	19p13.3	y	n	pre B-ALL			L	Dom	oncogene, TSG, fusion	T	PBX1, HLF, TFPT	n		1	TCF3,ENSG00000071564.10,P15923,6929,E2A,E47,ITF1,MGC129647,MGC129648,VDIR,bHLHb21,p75
TCF7L2	transcription factor 7 like 2	COSG55171	10	114710009	114927437	10q25.3	y	n	colorectal			E	Dom	oncogene, fusion	T	VTI1A	n		1	TCF7L2,ENSG00000148737.11,Q9NQB0,6934,TCF-4
TCL1A	T cell leukemia/lymphoma 1A	COSG29499	14	96176304	96180533	14q32.13	y	n	T-CLL			L	Dom	oncogene, fusion	T	TRA	n		1	TCL1A,ENSG00000100721.6,P56279,8115,TCL1
TEC	tec protein tyrosine kinase	COSG27195	4	48137800	48271881	4p12	y	n	myxoid chondrosarcoma			M		oncogene, fusion	T		n		2	TEC,ENSG00000135605.8,P42680,7006,PSCTK4
TENT5C	terminal nucleotidyltransferase 5C	COSG23679	1	118148556	118170994	1p12	y	n	MM			L	Rec	TSG	Mis, F, O		n		1	TENT5C,ENSG00000183508.4,Q5VWP2,54855,FLJ20202
TERT	telomerase reverse transcriptase	COSG21054	5	1253262	1295184	5p15.33	y	y	melanoma, glioblastoma, hepatocellular carcinoma, bladder, skin basal cell, skin squamous cell, mesothelioma, medulloblastoma, other tumour types	melanoma		E, O	Dom	oncogene, TSG	Promoter Mis		y	Dyskeratosis congenita, Telomere-related pulmonary fibrosis and/or bone marrow failure  1	1	TERT,ENSG00000164362.14,O14746,7015,EST2,TCS1,TP2,TRT,hEST2
TET1	tet methylcytosine dioxygenase 1	COSG10363	10	70320413	70454239	10q21.3	y	n	AML			L	Dom	oncogene, TSG, fusion	T	KMT2A	n		1	TET1,ENSG00000138336.8,Q8NFU7,80312,KIAA1676,LCX,bA119F7.1
TET2	tet methylcytosine dioxygenase 2	COSG8084	4	106067032	106200973	4q24	y	n	MDS			L	Rec	TSG	Mis, N, F		n		1	TET2,ENSG00000168769.8,Q6N021,54790,FLJ20032
TFE3	transcription factor binding to IGHM enhancer 3	COSG26428	X	48886242	48901012	Xp11.23	y	n	papillary renal, alveolar soft part sarcoma, renal			E	Dom	oncogene, fusion	T	SFPQ, ASPSCR1, PRCC, NONO, CLTC	n		1	TFE3,ENSG00000068323.12,P19532,7030,TFEA,bHLHe33
TFEB	transcription factor EB	COSG5293	6	41651716	41703997	6p21.1	y	n	renal cell carcinoma (childhood epithelioid)			E,M	Dom	oncogene, fusion	T	ALPHA	n		1	TFEB,ENSG00000112561.13,P19484,7942,TCFEB,bHLHe35
TFG	TRK-fused gene	COSG26397	3	100428205	100467810	3q12.2	y	n	papillary thyroid, ALCL, NSCLC, extraskeletal myxoid chondrosarcoma			E, L, M	Dom	fusion	T	NTRK1, ALK, NR4A3	n		1	TFG,ENSG00000114354.8,Q92734,10342,FLJ36137,SPG57,TF6
TFPT	TCF3 fusion partner	COSG47423	19	54610320	54619055	19q13.42	y	n	pre-B ALL			L	Dom	fusion	T	TCF3	n		2	TFPT,ENSG00000105619.9,P0C1Z6,29844,FB1,INO80F,amida
TFRC	transferrin receptor	COSG27414	3	195754054	195809060	3q29	y	n	NHL			L	Dom	fusion	T	BCL6	n		2	TFRC,ENSG00000072274.8,P02786,7037,CD71,TFR1,p90
TGFBR1	transforming growth factor beta receptor 1	COSG43671	9	101866320	101916474	9q22.33	y	n	pancreatic ductal adenocarcinoma			E			D, F, Mis, N		n		2	TGFBR1,ENSG00000106799.8,P36897,7046,ACVRLK4,ALK-5,ALK5,TBR-i,TBRI
TGFBR2	transforming growth factor beta receptor 2	COSG525	3	30647994	30735634	3p24.1	y	y	head and neck, colorectal	colorectal	Hereditary Nonpolyposis Colorectal Cancer type 6	E	Rec	TSG	Mis, F, N		y	Loeys-Dietz syndrome 2	1	TGFBR2,ENSG00000163513.13,P37173,7048,TBR-ii,TBRII
THRAP3	thyroid hormone receptor associated protein 3	COSG50715	1	36690017	36770958	1p34.3	y	n	aneurysmal bone cyst			M	Dom	fusion	T	USP6	n		2	THRAP3,ENSG00000054118.9,Q9Y2W1,9967,BCLAF2,TRAP150
TLX1	T cell leukemia homeobox 1	COSG43256	10	102889257	102897545	10q24.31	y	n	T-ALL			L	Dom	oncogene, fusion	T	TRB, TRD	n		1	TLX1,ENSG00000107807.8,P31314,3195
TLX3	T cell leukemia homeobox 3	COSG43251	5	170736288	170739138	5q35.1	y	n	T-ALL			L	Dom	oncogene, fusion	T	BCL11B	n		1	TLX3,ENSG00000164438.5,O43711,30012,RNX
TMEM127	transmembrane protein 127	COSG8866	2	96914254	96931732	2q11.2	n	y		pheochromocytoma, renal cell carcinoma		O, E	Rec	TSG	F, N		n		1	TMEM127,ENSG00000135956.4,O75204,55654,FLJ20507,FLJ22257
TMPRSS2	transmembrane serine protease 2	COSG39663	21	42836478	42903043	21q22.3	y	n	prostate			E	Dom	fusion	T	ERG, ETV1, ETV4, ETV5	n		1	TMPRSS2,ENSG00000184012.7,O15393,7113,PRSS10
TMSB4X	thymosin beta 4 X-linked	COSG3263	X	12993227	12995346	Xp22.2	y	n	DLBCL			L		oncogene	Mis, S, N, F		n		2	TMSB4X,ENSG00000205542.6,P62328,7114,TB4X
TNC	tenascin C	COSG13928	9	117782806	117880536	9q33.1	y	n	SCC, melanoma			E		oncogene	Mis		n		2	TNC,ENSG00000041982.10,P24821,3371,MGC167029,TN
TNFAIP3	TNF alpha induced protein 3	COSG53774	6	138188351	138204449	6q23.3	y	n	marginal zone B-cell lymphomas, Hodgkin lymphoma, PMBL			L	Rec	TSG	D, N, F		n		1	TNFAIP3,ENSG00000118503.10,P21580,7128,A20,OTUD7C
TNFRSF14	TNF receptor superfamily member 14	COSG56927	1	2487078	2496821	1p36.32	y	n	follicular lymphoma			L	Rec	TSG	Mis, N, F		n		1	TNFRSF14,ENSG00000157873.13,Q92956,8764,ATAR,CD270,HVEA,HVEM,LIGHTR,TR2
TNFRSF17	TNF receptor superfamily member 17	COSG29144	16	12058964	12061925	16p13.13	y	n	intestinal T-cell lymphoma			L	Dom	oncogene, fusion	T	IL2	n		1	TNFRSF17,ENSG00000048462.6,Q02223,608,BCM,CD269,TNFRSF13A
TNRC18	trinucleotide repeat containing 18	COSG46480	7	5346421	5465045	7p22.1	y	n	paediatric AML, promyelocytic leukaemia			L		fusion	T	HOXA9, IKZF1, RARA, XPO1	n		2	TNRC18,ENSG00000182095.10,O15417,84629,CAGL79,KIAA1856,TNRC18A
TOP1	DNA topoisomerase I	COSG19904	20	39657458	39753127	20q12	y	n	AML*			L	Dom	fusion	T	NUP98	n		1	TOP1,ENSG00000198900.5,P11387,7150
TP53	tumor protein p53	COSG29458	17	7565097	7590856	17p13.1	y	y	breast, colorectal, lung, sarcoma, prostate, adrenocortical, glioma, Spitzoid tumour, multiple other tumour types	breast, sarcoma, adrenocortical carcinoma, glioma, multiple other tumour types	Li-Fraumeni syndrome	L, E, M, O	Rec	oncogene, TSG, fusion	Mis, N, F, T, D	NTRK1	n		1	TP53,ENSG00000141510.11,P04637,7157,LFS1,p53
TP63	tumor protein p63	COSG20540	3	189349205	189615068	3q28	y	y	HNSCC, DLBCL	NSCLC		E		oncogene, TSG	Mis, N, T	TBL1XR1	y	associated with Hay-Wells syndrome, ADULT syndrome, ectrodactyly, ectodermal dysplasia, and cleft lip/palate syndrome (EEC), acro-dermato-ungual-lacrimal-tooth syndrome, limb mammary syndrome, Rapp-Hodgkin syndrome, split hand-split foot malformation	1	TP63,ENSG00000073282.8,Q9H3D4,8626,EEC3,KET,NBP,OFC8,SHFM4,p51,p53CP,p63,p73H,p73L
TPM3	tropomyosin 3	COSG39554	1	154127784	154167124	1q21.3	y	n	papillary thyroid, ALCL, NSCLC, Spitzoid tumour			E, L	Dom	TSG, fusion	T	NTRK1, ALK, ROS1	n		1	TPM3,ENSG00000143549.15,P06753,7170,TRK
TPM4	tropomyosin 4	COSG32465	19	16177831	16213813	19p13.12	y	n	ALCL			L	Dom	fusion	T	ALK	n		1	TPM4,ENSG00000167460.10,P67936,7171
TPR	translocated promoter region, nuclear basket protein	COSG9031	1	186280784	186344825	1q31.1	y	n	papillary thyroid, NSCLC			E	Dom	fusion	T	NTRK1, ALK	n		1	TPR,ENSG00000047410.9,P12270,7175
TRA	T cell receptor alpha locus	COSG57777	14			14q11.2	y	n	T-ALL			L	Dom	fusion	T	ATL, OLIG2, MYC, TCL1A, TCL6, MTCP1, TCL6	n		1	TRA,6955
TRAF7	TNF receptor associated factor 7	COSG32729	16	2205699	2228130	16p13.3	y	n	meningioma			O	Dom	TSG	Mis		n		1	TRAF7,ENSG00000131653.8,Q6Q0C0,84231,DKFZp586I021,MGC7807,RNF119
TRB	T cell receptor beta locus	COSG57778	7			7q34	y	n	T-ALL			L	Dom	fusion	T	HOX11, LCK, NOTCH1, TAL2, LYL1	n		1	TRB,6957
TRD	T cell receptor delta locus	COSG57779	14			14q11.2	y	n	T-cell leukaemia			L	Dom	fusion	T	TAL1, HOX11, TLX1, LMO1, LMO2, RANBP17	n		1	TRD,6964,TCRDV1
TRIM24	tripartite motif containing 24	COSG8940	7	138145079	138274738	7q34	y	n	APL			L	Dom	oncogene, TSG, fusion	T	RARA	n		1	TRIM24,ENSG00000122779.12,O15164,8805,RNF82,TIF1A,Tif1a,hTIF1
TRIM27	tripartite motif containing 27	COSG43619	6	28870779	28891766	6p22.1	y	n	papillary thyroid			E	Dom	oncogene, fusion	T	RET	n		1	TRIM27,ENSG00000204713.6,P14373,5987,RNF76
TRIM33	tripartite motif containing 33	COSG8461	1	114935399	115053781	1p13.2	y	n	papillary thyroid			E	Dom	TSG, fusion	T	RET	n		1	TRIM33,ENSG00000197323.6,Q9UPN9,51592,FLJ11429,KIAA1113,PTC7,RFG7,TF1G,TIF1G,TIF1GAMMA,TIFGAMMA
TRIP11	thyroid hormone receptor interactor 11	COSG56444	14	92432335	92507240	14q32.12	y	n	AML			L	Dom	fusion	T	PDGFRB	n		1	TRIP11,ENSG00000100815.8,Q15643,9321,CEV14,GMAP-210,GMAP210,Trip230
TRRAP	transformation/transcription domain associated protein	COSG18556	7	98475556	98610866	7q22.1	y	n	melanoma			E	Dom	oncogene	Mis		n		1	TRRAP,ENSG00000196367.8,Q9Y4A5,8295,PAF400,TR-AP,Tra1
TSC1	TSC complex subunit 1	COSG31471	9	135766735	135820020	9q34.13	y	y	renal cell carcinoma, bladder carcinoma	hamartoma, renal cell carcinoma, tuberous sclerosis tuber	Tuberous sclerosis 1	E, O	Rec	TSG	D, Mis, N, F, S		n		1	TSC1,ENSG00000165699.9,Q92574,7248,KIAA0243,LAM,hamartin
TSC2	TSC complex subunit 2	COSG18300	16	2097466	2138716	16p13.3	y	y	pulmonary lymphangioleiomyomatosis (LAM), renal angiomyolipoma, HNSCC	hamartoma, renal cell carcinoma, tuberous sclerosis tuber	Tuberous sclerosis 2	E, O	Rec	TSG	D, Mis, N, F, S		n		1	TSC2,ENSG00000103197.12,P49815,7249,LAM,PPP1R160,tuberin
TSHR	thyroid stimulating hormone receptor	COSG36733	14	81421333	81612646	14q31.1	y	n	toxic thyroid adenoma, thyroid gland follicular carcinoma			E	Dom		Mis		y	familial non-autoimmune autosomal dominant hyperthyroidism	2	TSHR,ENSG00000165409.11,7253,LGR3
U2AF1	U2 small nuclear RNA auxiliary factor 1	COSG44312	21	44513066	44527697	21q22.3	y	n	CLL, MDS			L	Dom	oncogene	Mis		n		1	U2AF1,ENSG00000160201.7,Q01081,7307,RN,RNU2AF1,U2AF35
UBR5	ubiquitin protein ligase E3 component n-recognin 5	COSG25618	8	103265240	103425069	8q22.3	y	n	mantle cell lymphoma, gastric, colorectal			L, E	Rec	oncogene	F, N, Mis, S		n		1	UBR5,ENSG00000104517.8,O95071,51366,DD5,EDD,HYD,KIAA0896
UBTF	upstream binding transcription factor	COSG45843	17	42282401	42298994	17q21.31	y	n	AML			L		oncogene, fusion	O	ATXN7L3	n		1	UBTF,ENSG00000108312.10,P17480,7343,NOR-90,UBF,UBF1,UBF2
USP44	ubiquitin specific peptidase 44	COSG4970	12	95910336	95945266	12q22	y	n	lung cancer, colon cancer			E		TSG	D		n		2	USP44,ENSG00000136014.7,Q9H0E7,84101,FLJ14528
USP6	ubiquitin specific peptidase 6	COSG24643	17	5019733	5078329	17p13.2	y	n	aneurysmal bone cyst			M	Dom	oncogene, fusion	T	COL1A1, CDH11, CNBP, OMD, THRAP3	n		1	USP6,ENSG00000129204.12,P35125,9098,TRE17,Tre-2,Tre2
USP8	ubiquitin specific peptidase 8	COSG32322	15	50716577	50793280	15q21.2	y	n	corticotroph adenoma			E	Dom	oncogene	Mis, N		n		1	USP8,ENSG00000138592.9,P40818,9101,HumORF8,KIAA0055,SPG59,UBPY
USP9X	ubiquitin specific peptidase 9 X-linked	COSG15183	X	40944888	41095832	Xp11.4	y	n	colon carcinoma			E		fusion	T	ERAS	n		2	USP9X,ENSG00000124486.8,Q93008,8239,DFFRX,FAF,MRX99
VAV1	vav guanine nucleotide exchange factor 1	COSG49950	19	6772725	6857377	19p13.3	y	n	T-cell lymphoma			L		fusion	T	THAP4, MYO1F, S100A7	n		2	VAV1,ENSG00000141968.3,P15498,7409
VHL	von Hippel-Lindau tumor suppressor	COSG53267	3	10182692	10193904	3p25.3	y	y	renal, haemangioma, pheochromocytoma	renal, haemangioma, pheochromocytoma	Von Hippel-Lindau syndrome	E, M, O	Rec	TSG	D, Mis, N, F, S		n		1	VHL,ENSG00000134086.7,P40337,7428,VHL1
VTI1A	vesicle transport through interaction with t-SNAREs 1A	COSG47806	10	114206756	114578503	10q25.2	y	n	colorectal			E	Dom	fusion	T	TCF7L2	n		2	VTI1A,ENSG00000151532.9,Q96AJ9,143187,MVti1,Vti1-rp2,Vti1a
WAS	Wiskott-Aldrich syndrome	COSG47639	X	48534985	48549818	Xp11.23	n	y		lymphoma	Wiskott-Aldrich syndrome	L	Rec/X	oncogene	Mis, N, F, S		n		1	WAS,ENSG00000015285.6,P42768,7454,WASP,WASPA
WDCP	WD repeat and coiled coil containing	COSG16415	2	24252210	24272445	2p23.3	y	n	colorectal			E	Dom	fusion	T	ALK	n		1	WDCP,ENSG00000163026.7,Q9H6R7,80304,FLJ21945,MMAP
WIF1	WNT inhibitory factor 1	COSG30192	12	65444406	65515346	12q14.3	y	n	pleomorphic salivary gland adenoma			E	Dom	TSG, fusion	T	HMGA2	n		1	WIF1,ENSG00000156076.5,Q9Y5W5,11197
WNK2	WNK lysine deficient protein kinase 2	COSG54143	9	95947198	96082854	9q22.31	y	n	gastric cancer			E		TSG	Mis		n		2	WNK2,ENSG00000165238.12,Q9Y3S1,65268,KIAA1760,NY-CO-43
WRN	Werner syndrome RecQ like helicase	COSG2548	8	30891317	31031285	8p12	n	y		osteosarcoma, meningioma, other tumour types	Werner syndrome	L, E, M, O	Rec	TSG	Mis, N, F, S		n		1	WRN,ENSG00000165392.5,Q14191,7486,RECQ3,RECQL2
WT1	Wilms tumor 1	COSG34044	11	32409321	32457176	11p13	y	y	Wilms tumour, desmoplastic small round cell tumour	Wilms tumour	Denys-Drash syndrome, Frasier syndrome, familial Wilms tumour	O	Rec	oncogene, TSG, fusion	D, Mis, N, F, S, T	EWSR1	n		1	WT1,ENSG00000184937.8,7490,AWT1,NPHS4,WAGR,WIT-2
WWTR1	WW domain containing transcription regulator 1	COSG51925	3	149235022	149454501	3q25.1	y	n	epithelioid haemangioendothelioma			M	Dom	oncogene, fusion	T	CAMTA1	n		1	WWTR1,ENSG00000018408.10,Q9GZV5,25937,DKFZp586I1419,TAZ
XPA	XPA, DNA damage recognition and repair factor	COSG6294	9	100437191	100459639	9q22.33	n	y		skin basal cell, skin squamous cell, melanoma	xeroderma pigmentosum (A)	E	Rec	TSG	Mis, N, F, S		n		1	XPA,ENSG00000136936.6,P23025,7507,XP1,XPAC
XPC	XPC complex subunit, DNA damage recognition and repair factor	COSG17620	3	14186647	14220283	3p25.1	n	y		skin basal cell, skin squamous cell, melanoma	xeroderma pigmentosum (C)	E	Rec	TSG	Mis, N, F, S		n		1	XPC,ENSG00000154767.10,Q01831,7508,RAD4,XPCC
XPO1	exportin 1	COSG34754	2	61704984	61765761	2p15	y	n	CLL			L	Dom	oncogene	Mis		n		1	XPO1,ENSG00000082898.12,O14980,7514,CRM1,emb
YAP1	Yes associated protein 1	COSG16647	11	101981192	102104154	11q22.2	y	n	cervical carcinoma, glioblastoma, meningioma			E, O		fusion, oncogene	A, T	MAML2	n		1	YAP1,ENSG00000137693.9,P46937,10413,YAP65
YWHAE	tyrosine 3-monooxygenase/tryptophan 5-monooxygenase activation protein epsilon	COSG48425	17	1247566	1303672	17p13.3	y	n	endometrial stromal sarcoma			M	Dom	TSG, fusion	T	NUTM2A, NUTM2B	y	Miller-Dieker lissencephaly syndrome	1	YWHAE,ENSG00000108953.12,P62258,7531,FLJ45465
ZBTB16	zinc finger and BTB domain containing 16	COSG47928	11	113930315	114121398	11q23.2	y	n	APL			L	Dom	TSG, fusion	T	RARA	n		1	ZBTB16,ENSG00000109906.9,Q05516,7704,PLZF
ZCCHC8	zinc finger CCHC-type containing 8	COSG632	12	122957417	122985518	12q24.31	y	n	Spitzoid tumour			E	Dom	fusion	T	ROS1	n		2	ZCCHC8,ENSG00000033030.9,Q6NZY4,55596,DKFZp434E2220
ZEB1	zinc finger E-box binding homeobox 1	COSG10823	10	31607424	31818742	10p11.22	y	n	CCRCC, melanoma			E		oncogene	Mis		n		2	ZEB1,ENSG00000148516.17,P37275,6935,AREB6,BZP,FECD6,NIL-2-A,ZEB,Zfhep,Zfhx1a
ZFHX3	zinc finger homeobox 3	COSG53080	16	72816784	73093597	16q22.3	y	n	endometrial, gastric, prostate			E	Dom	TSG	Mis, N		n		1	ZFHX3,ENSG00000140836.10,Q15911,463,ZNF927
ZMYM2	zinc finger MYM-type containing 2	COSG30697	13	20532810	20665968	13q12.11	y	n	MPN, NHL			L	Dom	fusion	T	FGFR1	n		1	ZMYM2,ENSG00000121741.12,Q9UBW7,7750,FIM,MYM,RAMP
ZMYM3	zinc finger MYM-type containing 3	COSG16110	X	70459474	70474996	Xq13.1	y	n	CRC, breast cancer			E		TSG	F		n		2	ZMYM3,ENSG00000147130.10,Q14202,9203,DXS6673E,KIAA0385,MYM,ZNF198L2
ZNF331	zinc finger protein 331	COSG29648	19	54024235	54083523	19q13.42	y	n	follicular thyroid adenoma			E	Dom	TSG, fusion	T	?	n		1	ZNF331,ENSG00000130844.12,Q9NQX6,55422,RITA,ZNF361,ZNF463
ZNF384	zinc finger protein 384	COSG47235	12	6775643	6798738	12p13.31	y	n	ALL			L	Dom	fusion	T	EWSR1, TAF15	n		1	ZNF384,ENSG00000126746.13,Q8TF68,171017,CAGH1A,CIZ,NMP4,NP
ZNF429	zinc finger protein 429	COSG23150	19	21679484	21739072	19p12	y	n	GBM			O			Mis		n		2	ZNF429,ENSG00000197013.5,Q86V71,353088
ZNF479	zinc finger protein 479	COSG54765	7	57187321	57207571	7p11.2	y	n	lung cancer, bladder carcinoma, prostate carcinoma			E			Mis		n		2	ZNF479,ENSG00000185177.8,Q96JC4,90827,KR19
ZNF521	zinc finger protein 521	COSG13046	18	22641890	22932154	18q11.2	y	n	ALL			L	Dom	oncogene, fusion	T	PAX5	n		1	ZNF521,ENSG00000198795.6,Q96K83,25925,EHZF,Evi3
ZNRF3	zinc and ring finger 3	COSG19308	22	29279580	29453475	22q12.1	y	n	colorectal cancer, adrenocortical carcinoma, gastric cancer			E		TSG	N, F, Mis		n		2	ZNRF3,ENSG00000183579.11,Q9ULT6,84133,BK747E2.3,FLJ22057,KIAA1133,RNF203
ZRSR2	zinc finger CCCH-type, RNA binding motif and serine/arginine rich 2	COSG17486	X	15808595	15841383	Xp22.2	y	n	MDS, CLL			L	Rec	TSG	F, S, Mis		n		1	ZRSR2,ENSG00000169249.8,Q15696,8233,U2AF1-RS2,URP,ZC3H22
